,Unnamed: 0,Zip Code,City,Street,Lat,Lon,TruliaEst,Beds,Baths,Sqft,Price_Per_Sqft,YearBuilt,Cluster
0,3,95060,1,110 1st St,36.9649535,-122.0221441,1814401,6,4,4136,122,1925,3
1,11,95060,1,218 1st St,36.9648946,-122.0240981,807861,2,2,1695,201,1982,2
2,13,95060,1,108 2nd St,36.9643746,-122.025075,1295697,4,2,1432,120,1928,5
3,16,95060,1,409 2nd St,36.966842,-122.01645,1143856,4,2,1728,174,1963,0
4,18,95060,1,508 2nd St,36.9673486,-122.0176899,661823,2,2,1238,136,1981,4
5,23,95060,1,515 2nd St,36.9663169,-122.021953,730000,2,2.5,1374,531,1981,4
6,26,95060,1,515 2nd St #1A,36.966606,-122.022364,1337859,4,2.5,2127,141,1908,5
7,27,95060,1,526 2nd St,36.9671348,-122.0232987,1405041,3,3,2316,259,1960,5
8,29,95060,1,526 2nd St #102,36.966873,-122.0231655,870888,3,2,2129,194,1987,2
9,32,95060,1,526 2nd St #201,34.0217788,-118.5037899,862524,3,2.5,1991,394,1984,2
10,39,95060,1,526 2nd St #203,36.9661601,-122.023654,1797490,4,3,3834,339,1892,3
11,46,95060,1,526 2nd St #301,36.9662937,-122.0362653,1064383,3,2,1503,153,1925,0
12,56,95060,1,535 2nd St,36.978641,-122.028094,692472,2,2,1338,153,1980,4
13,57,95060,1,602 2nd St,36.978492,-122.027749,692348,2,2,1338,288,1980,4
14,61,95060,1,604 2nd St,36.9630182,-122.054558,1326607,3,2.5,2496,329,1978,5
15,62,95060,1,610 2nd St,36.9631895,-122.054114,1326733,3,3,2114,101,1992,5
16,64,95060,1,203 3rd St,36.9635952,-122.0546468,950318,3,2,1218,385,1976,2
17,67,95060,1,209 3rd St,36.9638169,-122.0549132,1335874,4,3,2544,263,1976,5
18,69,95060,1,321 3rd St,36.9635457,-122.0553127,946372,3,2,1254,343,1973,2
19,70,95060,1,603 3rd St,36.9636524,-122.0553686,963315,3,2.5,1207,202,1974,2
20,72,95060,1,706 3rd St,36.9637187,-122.0554903,971854,3,2,1502,160,1974,0
21,79,95060,1,710 3rd St,36.9646265,-122.0553571,1303171,4,2,1692,218,1977,5
22,84,95060,1,714 3rd St,36.9662818,-122.0556235,856602,2,2,939,249,1953,2
23,86,95060,1,809 3rd St,36.9664681,-122.0557567,941157,3,2,1098,485,1975,2
24,87,95060,1,811 3rd St,36.9663284,-122.0561896,929563,3,2,1024,201,1971,2
25,88,95060,1,813 3rd St,36.9663772,-122.0562783,878295,3,1.5,1104,216,1972,2
26,97,95060,1,819 3rd St,36.9674459,-122.0566446,989553,3,2,1638,247,1971,0
27,102,95060,1,910 3rd St,36.9737824,-122.0452368,1363380,4,2,2337,394,1940,5
28,105,95060,1,911 3rd St,36.9543436,-122.0422664,1558312,3,2,2008,167,1976,3
29,106,95060,1,912 3rd St,36.9544129,-122.0428508,1496606,5,2,2050,125,1910,5
30,107,95060,1,914 3rd St,36.954773,-122.0428586,1092815,3,2,1183,456,1970,0
31,110,95060,1,918 3rd St,36.9550712,-122.0429105,1087139,3,2,1131,601,1970,0
32,111,95060,1,918 3rd St #B,36.9552088,-122.0429549,1117759,3,2,1301,188,1971,0
33,113,95060,1,918 3rd St #C,36.9568623,-122.0426592,2000717,3,4,3088,196,2007,1
34,114,95060,1,918 3rd St #D,36.9559688,-122.0347112,1385938,3,2,1725,132,1962,5
35,115,95060,1,918 3rd St #F,36.9546511,-122.0407813,1481955,3,3,1785,527,1977,5
36,119,95060,1,918 3rd St #G,36.962191,-122.051099,825451,2,1.5,1169,163,1977,2
37,121,95060,1,919 3rd St,36.964321,-122.0513637,1330158,3,2,2215,212,1983,5
38,122,95060,1,1004 3rd St,36.9638017,-122.0507621,2108324,6,4.5,3247,550,1951,1
39,129,95060,1,1005 3rd St,36.9659551,-122.051317,977461,3,2,1441,254,1952,0
40,133,95060,1,1013 3rd St,36.9660032,-122.0521606,1113164,3,2,1660,183,1967,0
41,135,95060,1,1017 3rd St,36.9652974,-122.0522494,1051119,3,2,1596,329,1965,0
42,136,95060,1,1033 3rd St #5,36.9653391,-122.0527378,1087936,4,2,1566,369,1963,0
43,137,95060,1,1035 3rd St,36.9651371,-122.0527822,1138156,3,2.5,1542,261,1964,0
44,140,95060,1,122 Acadia Ave,36.9649568,-122.0508731,1151131,3,2,2139,356,1965,0
45,142,95060,1,125 Acadia Ave,37.0777433,-122.1398093,928301,3,1.5,1922,388,1969,2
46,144,95060,1,126 Acadia Ave,37.0766661,-122.1396984,1250745,5,3.5,3617,170,1976,5
47,151,95060,1,130 Acadia Ave,36.9505191,-122.0525628,2796756,3,3.5,2776,648,2002,1
48,152,95060,1,132 Acadia Ave,36.9508455,-122.053177,1867762,3,2,2683,328,1974,3
49,156,95060,1,133 Acadia Ave,36.9522791,-122.0529701,1147576,3,2,1382,492,1975,0
50,158,95060,1,139 Acadia Ave,36.9532801,-122.0533149,1348316,4,2,1740,139,1973,5
51,162,95060,1,142 Acadia Ave,36.986247,-122.019213,812471,2,2,1072,508,1947,2
52,170,95060,1,143 Acadia Ave,36.9857901,-122.0172811,883697,3,2,1555,310,1948,2
53,172,95060,1,102 Adobe St,36.985768,-122.0171035,886149,3,2,1559,276,1948,2
54,173,95060,1,106 Adobe St,36.9857958,-122.0169481,831778,3,2,1263,593,1978,2
55,177,95060,1,108 Adobe St,36.9861684,-122.0157711,1055895,3,2,1963,180,1946,0
56,184,95060,1,110 Adobe St,36.9635973,-122.0444796,911512,3,2,1212,243,1957,2
57,188,95060,1,112 Adobe St,36.9637947,-122.0447016,1206754,3,2,2032,144,1995,0
58,190,95060,1,114 Adobe St,36.9639055,-122.0448348,887568,2,2,1289,438,1958,2
59,193,95060,0,116 Adobe St,37.042586,-122.1097897,934385,4,3,1988,385,1977,2
60,195,95060,0,100 Alamo Ave,37.0415406,-122.1119026,1008537,4,2,2239,326,1978,0
61,196,95060,0,101 Alamo Ave,37.0420378,-122.1128455,844830,2,2.5,1748,366,1975,2
62,198,95060,1,102 Alamo Ave,37.001273,-122.127891,1742151,3,2.5,3576,447,1974,3
63,214,95060,1,112 Alamo Ave,36.965373,-122.0443464,1297099,2,2.5,1997,395,1968,5
64,215,95060,1,116 Alamo Ave,36.9657683,-122.0440356,1055397,3,2,1487,158,1954,0
65,216,95060,1,120 Alamo Ave,36.965546,-122.044524,972246,3,2,1373,458,1938,0
66,219,95060,1,123 Alamo Ave,36.9667819,-122.0455944,1302760,2,1.5,1697,168,1939,5
67,239,95060,1,124 Alamo Ave,36.9609854,-122.028325,1278316,2,2,1456,405,1947,5
68,255,95060,1,127 Alamo Ave,37.0114759,-122.0224327,1607008,4,3,3209,218,1941,3
69,257,95060,1,131 Alamo Ave,37.0114928,-122.0221885,789231,3,2,1172,340,1942,2
70,258,95060,1,133 Alamo Ave,37.0111313,-122.0220108,874016,3,2,1496,104,1951,2
71,261,95060,1,136 Alamo Ave,36.9985175,-122.0243867,1401162,2,2.5,2500,333,1940,5
72,263,95060,1,137 Alamo Ave,36.9692416,-122.0171035,912253,3,2,1572,116,1947,2
73,269,95060,1,139 Alamo Ave,36.9700149,-122.017481,666710,2,2,920,240,1920,4
74,272,95060,1,143 Alamo Ave,36.9703145,-122.0176142,894810,2,2,1330,269,1900,2
75,273,95060,1,200 Alamo Ave,36.9701944,-122.0180139,941378,3,2.5,1630,139,1978,2
76,276,95060,1,215 Alamo Ave,36.966505,-122.030401,1363000,4,3,2577,149,1979,5
77,282,95060,1,217 Alamo Ave,36.9671791,-122.0315443,826322,3,2.5,1666,348,2007,2
78,283,95060,1,219 Alamo Ave,36.9679572,-122.031736,836629,2,2,1224,167,1993,2
79,285,95060,1,220 Alamo Ave,36.9812313,-122.0227214,949712,4,2,1800,347,1973,2
80,286,95060,1,223 Alamo Ave,36.9812156,-122.022899,949507,4,2,1800,173,1973,2
81,287,95060,1,225 Alamo Ave,36.98121,-122.023566,530208,2,1.5,896,523,1981,4
82,290,95060,1,239 Alamo Ave,37.04248,-122.157367,2178822,5,5.5,5900,104,2007,1
83,291,95060,1,241 Alamo Ave,37.041953,-122.158981,1291009,4,3.5,2702,174,1991,5
84,294,95060,1,306 Alamo Ave,37.038015,-122.146281,1324845,3,2,2989,217,1979,5
85,296,95060,1,308 Alamo Ave,37.042186,-122.153952,2079057,2,2,1509,924,1887,1
86,298,95060,1,310 Alamo Ave,37.048684,-122.157273,1160575,3,2,2292,158,1956,0
87,300,95060,1,315 Alamo Ave,37.0467363,-122.1595482,1247069,3,2.5,2381,189,1958,5
88,301,95060,1,317 Alamo Ave,37.0480484,-122.1618102,1276425,3,2.5,2630,532,1992,5
89,303,95060,1,320 Alamo Ave,37.0527194,-122.1604353,1271807,3,3,2929,200,1978,5
90,304,95060,1,330 Alamo Ave,37.057075,-122.161332,987718,3,2,2087,551,1987,0
91,308,95060,1,333 Alamo Ave,37.065383,-122.153029,1229079,3,2.5,2812,249,1987,5
92,311,95060,1,335 Alamo Ave,37.0635772,-122.1506772,1009293,3,3,2092,373,1987,0
93,312,95060,1,336 Alamo Ave,37.06405,-122.149929,1066134,4,3,2238,134,1977,0
94,313,95060,1,341 Alamo Ave,37.066397,-122.146893,1020258,2,2,2254,353,1978,0
95,318,95060,1,343 Alamo Ave,36.9762676,-122.0441244,1702962,3,2.5,2899,197,1979,3
96,320,95060,1,346 Alamo Ave,36.9763895,-122.0443464,1323985,3,2,1841,432,1957,5
97,321,95060,1,348 Alamo Ave,36.9767487,-122.0446572,1383366,4,2.5,2516,308,1956,5
98,322,95060,1,353 Alamo Ave,36.976935,-122.0447904,2241333,4,3.5,3664,389,1956,1
99,325,95060,1,108 Algea St,37.113158,-122.150288,864987,3,2,2220,121,1989,2
100,328,95060,1,101 Allegro Dr,37.1145494,-122.1491026,680656,3,2,1364,176,1988,4
101,330,95060,1,107 Allegro Dr,37.1140649,-122.148147,774207,4,2,1848,135,1976,2
102,331,95060,1,127 Allegro Dr,37.114097,-122.1473723,1108637,3,2.5,2513,119,1978,0
103,333,95060,1,115 Almar Ave,37.114277,-122.145155,786948,2,2,1663,191,1974,2
104,335,95060,1,210 Almar Ave,37.1143664,-122.1462858,864988,2,2.5,2045,232,1981,2
105,338,95060,1,314 Almar Ave,37.1149744,-122.1472617,1253028,4,3.5,3556,176,1991,5
106,340,95060,1,319 Almar Ave,37.1153049,-122.1470399,780656,3,2,1812,190,1977,2
107,342,95060,1,403 Almar Ave,37.114789,-122.14848,901402,3,2,2388,178,1971,2
108,346,95060,1,406 Almar Ave,37.116566,-122.149182,971497,3,2,2794,221,1973,0
109,348,95060,1,407 Almar Ave,37.116695,-122.149455,711185,3,2,1344,175,1994,4
110,352,95060,1,411 Almar Ave,37.119273,-122.152003,813807,3,2.5,1871,321,1960,2
111,355,95060,1,415 Almar Ave,37.1167987,-122.1527586,981567,3,2,2668,139,1988,0
112,360,95060,1,610 Almar Ave,37.11455,-122.15104,733029,2,2,1482,269,1971,4
113,362,95060,1,614 Almar Ave,37.113663,-122.151582,868105,4,3,2038,167,1979,2
114,363,95060,1,120 Alta Ave,36.9916267,-122.0121071,1063037,3,2,1828,184,1977,0
115,366,95060,1,325 Alta Ave,36.9951142,-122.0118628,1072407,3,3,1984,154,1963,0
116,375,95060,1,102 Alta Vista Dr,37.0085735,-122.0359101,2184533,5,5.5,5402,444,2003,1
117,377,95060,1,329 Alta Vista Dr,37.007998,-122.0357547,2278367,4,3.5,5580,333,2005,1
118,378,95060,1,415 Alta Vista Dr,37.0077497,-122.035577,2004762,3,2.5,3488,340,2004,1
119,381,95060,1,222 Arroyo Seco,37.0069907,-122.0358435,2016804,4,3.5,3427,437,2006,1
120,382,95060,1,319 Arroyo Seco,37.0072264,-122.0353106,2019903,4,3.5,3368,346,2004,1
121,384,95060,1,333 Arroyo Seco,37.0070438,-122.0349776,2105742,3,3.5,5327,333,2005,1
122,386,95060,1,344 Arroyo Seco,37.006149,-122.034863,2160723,5,5.5,5580,346,2005,1
123,387,95060,1,402 Arroyo Seco,37.0064608,-122.0345335,1943781,4,3.5,3378,336,2005,3
124,388,95060,1,510 Arroyo Seco,37.0345521,-122.1566209,2377528,3,3,4016,317,1984,1
125,389,95060,1,519 Arroyo Seco,37.0337419,-122.160033,1339628,3,2.5,2676,280,2007,5
126,390,95060,1,520 Arroyo Seco,37.0353608,-122.1609231,1351444,2,2.5,2950,117,2008,5
127,392,95060,1,523 Arroyo Seco,37.0350424,-122.1670214,1286395,4,3.5,2975,166,2000,5
128,394,95060,1,526 Arroyo Seco,36.9716581,-122.0223147,793619,2,2,1096,251,1975,2
129,395,95060,1,529 Arroyo Seco,36.9716569,-122.0221885,796212,3,2,1333,116,1922,2
130,399,95060,1,533 Arroyo Seco,36.9722947,-122.020945,518612,4,3,1591,182,1908,4
131,403,95060,1,534 Arroyo Seco,36.9723108,-122.0200124,1793907,6,6,2970,160,1975,3
132,408,95060,1,539 Arroyo Seco,40.7159229,-74.0051233,656209,2,2,1291,248,1980,4
133,412,95060,1,552 Arroyo Seco,40.7160459,-74.0051079,561238,2,2,1180,360,1980,4
134,413,95060,1,560 Arroyo Seco,40.7160459,-74.0051079,562280,2,2,1165,330,1980,4
135,414,95060,1,561 Arroyo Seco,37.0180008,-122.0316472,1476479,4,3,2822,263,1990,5
136,415,95060,1,568 Arroyo Seco,37.0167061,-122.0288052,1453036,4,3,2660,195,1981,5
137,419,95060,1,572 Arroyo Seco,36.9866451,-122.0180139,829732,3,2,1430,331,1953,2
138,425,95060,1,609 Arroyo Seco,36.9711834,-122.0197459,997443,3,2,1682,128,1886,0
139,428,95060,1,616 Arroyo Seco,36.9713873,-122.0203233,797780,3,2,1016,285,1908,2
140,433,95060,1,629 Arroyo Seco,36.9697008,-122.0181365,603670,2,2,1140,241,1976,4
141,437,95060,1,10 Atherly Ln,37.0016715,-122.0196377,1067575,3,2.5,2178,291,1987,0
142,438,95060,1,98 Atherly Ln,37.0020982,-122.0195017,1024462,3,2,1902,234,1986,0
143,443,95060,1,125 Atherly Ln,37.00136,-122.0200124,1561505,3,2.5,3857,311,1981,3
144,444,95060,1,150 Atherly Ln,37.0012138,-122.0197459,1446533,3,2,3179,275,1979,5
145,451,95060,1,160 Atherly Ln,37.0009678,-122.0165484,1394607,3,2.5,3142,247,1988,5
146,454,95060,1,170 Atherly Ln,36.999307,-122.012652,1253857,3,2.5,3011,166,1979,5
147,455,95060,1,180 Atherly Ln,36.9992801,-122.0123736,1354392,4,2.5,3006,175,1989,5
148,459,95060,1,190 Atherly Ln,36.9987054,-122.0107081,1369516,4,4,2790,305,1970,5
149,460,95060,1,196 Atherly Ln,36.97523,-122.050233,945130,3,2.5,1732,173,1976,2
150,464,95060,1,215 Atherly Ln,36.975169,-122.050791,1053684,3,3,1980,137,1977,0
151,471,95060,1,106 Auburn Ave,36.9750935,-122.051539,1053074,3,3,1980,180,1977,0
152,475,95060,1,111 Auburn Ave,36.9746767,-122.0501576,1312234,3,3,1980,391,1977,5
153,477,95060,1,118 Auburn Ave,36.9749783,-122.0502293,1050544,3,3,1980,379,1977,0
154,479,95060,1,134 Auburn Ave,36.9757292,-122.0504291,1037328,3,2,1692,324,1979,0
155,480,95060,1,135 Auburn Ave,36.9758924,-122.0505482,993338,3,2,1565,200,1977,0
156,482,95060,1,208 Auburn Ave,36.9761346,-122.0505702,1053067,3,2,1723,354,1977,0
157,485,95060,1,211 Auburn Ave,36.976587,-122.050226,861083,3,2.5,1928,402,2008,2
158,488,95060,1,231 Auburn Ave,36.976694,-122.05026,829295,3,2.5,1680,348,2008,2
159,490,95060,1,232 Auburn Ave,36.976916,-122.0508731,980230,3,2,1433,157,1977,0
160,491,95060,1,303 Auburn Ave,36.9770401,-122.0509619,995558,3,2,1433,482,1977,0
161,494,95060,0,102 Avalon St,37.054377,-122.158929,850371,3,2,1804,288,1979,2
162,495,95060,0,107 Avalon St,37.0541745,-122.1572418,1232988,5,3,2835,138,1974,5
163,497,95060,1,108 Avalon St,36.97235,-122.051039,563491,2,1.5,1046,306,1976,4
164,500,95060,1,118 Avalon St,36.97205,-122.050514,563942,2,1.5,1046,110,1976,4
165,501,95060,1,204 Avalon St,36.972548,-122.051108,687524,3,2,1199,287,1976,4
166,502,95060,1,212 Avalon St,36.971811,-122.050434,687570,3,2,1199,309,1976,4
167,515,95060,1,219 Avalon St,36.972374,-122.051481,563778,2,1.5,1046,335,1976,4
168,516,95060,1,302 Avalon St,36.971834,-122.05086,563935,2,1.5,1046,335,1976,4
169,520,95060,1,303 Avalon St,36.972164,-122.051578,685209,3,1.5,1237,131,1976,4
170,521,95060,1,314 Avalon St,36.972113,-122.051618,687102,3,2,1237,344,1974,4
171,523,95060,1,315 Avalon St,36.97188,-122.051648,693953,3,2,1199,279,1975,4
172,531,95060,1,318 Avalon St,36.971054,-122.051003,564106,2,1.5,1046,119,1976,4
173,534,95060,1,402 Avalon St,36.971246,-122.0513,564119,2,1.5,1046,406,1976,4
174,536,95060,1,403 Avalon St,36.971365,-122.051208,688640,3,2,1199,121,1976,4
175,537,95060,1,407 Avalon St,36.971491,-122.051048,681779,3,2,1199,462,1976,4
176,540,95060,0,420 Avalon St,37.0468932,-122.160524,917214,3,1.5,1870,452,1978,2
177,542,95060,1,423 Avalon St,37.007904,-122.071103,1562097,4,3,3235,371,1996,3
178,551,95060,1,503 Avalon St,36.9540908,-122.0472324,1217130,3,2,1693,441,1964,5
179,555,95060,1,111 Averitt St,36.987247,-122.02526,661643,2,2.5,1478,125,1995,4
180,575,95060,1,112 Averitt St,42.446813,-76.516749,796326,2,2.5,1726,221,1981,2
181,576,95060,1,115 Averitt St,37.0026924,-122.0264961,1317505,3,3,2288,533,1956,5
182,577,95060,1,120 Averitt St,37.003116,-122.0267181,1619120,3,4,2616,726,1930,3
183,578,95060,1,123 Averitt St,37.00371,-122.026757,1102633,2,2,2080,240,1965,0
184,579,95060,1,127 Averitt St,37.0042353,-122.0266959,2114624,3,3.5,3767,143,1990,1
185,580,95060,1,128 Averitt St,37.0055719,-122.0243201,1092032,3,2,2012,396,1950,0
186,581,95060,1,131 Averitt St,37.0051129,-122.0239648,1375471,3,2.5,2615,340,1936,5
187,585,95060,1,132 Averitt St,36.9520919,-122.0514946,1305103,3,2,1610,138,1956,5
188,591,95060,1,135 Averitt St,36.983407,-122.147247,1061627,3,2,1763,159,2007,0
189,592,95060,1,136 Averitt St,37.059493,-122.161309,981570,2,3,2030,180,1982,0
190,598,95060,1,139 Averitt St,36.9677409,-122.0445278,1074168,2,2,1470,489,1928,0
191,599,95060,1,143 Averitt St,36.9679897,-122.044302,990293,3,2,1311,133,1923,0
192,600,95060,1,55 Azalea Ln,36.9541903,-122.0335344,1828888,5,4,3520,521,1979,3
193,603,95060,1,125 Azalea Ln,36.9544708,-122.0340451,1307294,2,2,1361,647,1971,5
194,604,95060,1,175 Azalea Ln,36.9549874,-122.0336732,1362825,3,2,1637,283,1978,5
195,605,95060,1,255 Azalea Ln,36.9552153,-122.0336802,1377023,3,1.5,1832,267,1966,5
196,608,95060,1,280 Azalea Ln,36.9554863,-122.0336559,1746274,3,3,2469,121,1974,3
197,609,95060,1,1800 Back Ranch Rd,36.9557608,-122.0336455,1289109,3,2,1140,636,1959,5
198,610,95060,1,1845 Back Ranch Rd,36.9559118,-122.0336455,1290202,3,2,1181,192,1960,5
199,614,95060,1,2285 Back Ranch Rd,36.956625,-122.0335011,1182641,2,1.5,1140,162,1973,0
200,616,95060,1,111 Baldwin St,36.9569859,-122.0340895,1299944,4,2,1641,484,1988,5
201,620,95060,1,115 Baldwin St,36.957703,-122.034015,1431258,3,2.5,1702,123,2001,5
202,624,95060,1,118 Baldwin St,36.9582341,-122.033923,1030582,2,1.5,1228,198,1973,0
203,641,95060,1,120 Baldwin St,36.9608796,-122.0336899,1770837,3,3,2749,186,2008,3
204,646,95060,1,123 Baldwin St,37.0815462,-122.141268,1187857,3,2,2236,213,1992,0
205,648,95060,1,126 Baldwin St,37.0817132,-122.1428369,976044,3,3,1979,328,1958,0
206,653,95060,1,127 Baldwin St,37.0854664,-122.1388888,824053,2,2,1489,366,1977,2
207,658,95060,1,130 Baldwin St,37.0847242,-122.1428702,1069915,2,2.5,2464,194,1967,0
208,663,95060,1,134 Baldwin St,36.9588105,-122.0342771,1309521,4,2,1927,102,1908,5
209,665,95060,1,137 Baldwin St,36.9594028,-122.0347112,1225364,3,2,1274,188,1973,5
210,666,95060,1,138 Baldwin St,36.9603688,-122.0341339,1298925,2,2,1591,148,2011,5
211,670,95060,1,145 Baldwin St,36.9613571,-122.0340102,1115644,3,2,1509,265,1952,0
212,671,95060,1,150 Baldwin St,36.9616086,-122.033891,1427073,4,2,2215,135,1979,5
213,673,95060,1,154 Baldwin St,36.9923242,-122.0276729,2025000,3,4,3028,669,1995,1
214,677,95060,0,155 Baldwin St,37.0419304,-122.1172271,1016552,3,2.5,1960,339,1979,0
215,682,95060,1,158 Baldwin St,36.9839593,-122.0220552,794370,4,1.5,1204,161,1959,2
216,684,95060,1,161 Baldwin St,36.9845141,-122.0219664,863870,4,2,1398,507,1960,2
217,687,95060,1,216 Baldwin St,36.9844323,-122.0216111,877681,3,2,1602,115,1948,2
218,692,95060,1,221 Baldwin St,36.984218,-122.02019,981807,3,2,1800,294,1959,0
219,696,95060,1,224 Baldwin St,36.9847025,-122.0190798,819388,2,2,1121,244,1958,2
220,697,95060,1,217 Barson St,36.9845452,-122.0187245,948671,2,2,1734,187,1918,2
221,703,95060,0,309 Barson St,37.0526399,-122.158784,1022395,2,2,2304,291,1973,0
222,705,95060,0,313 Barson St,37.053138,-122.158187,874171,3,2,1890,231,1979,2
223,709,95060,1,317 Barson St,37.0525766,-122.1571724,1163749,3,2,2391,251,1964,0
224,716,95060,1,321 Barson St,36.9603133,-122.0271622,1586549,2,2,1814,187,1954,3
225,721,95060,1,510 Barson St,36.9620105,-122.0496299,806049,2,1.5,1069,538,1978,2
226,724,95060,1,522 Barson St,36.96209,-122.0501183,835976,2,1.5,1303,343,1977,2
227,726,95060,1,134 Bay St,36.9623234,-122.0497187,812423,2,1.5,1069,364,1978,2
228,727,95060,1,208 Bay St,36.962541,-122.0502182,819762,2,1.5,1178,310,1977,2
229,729,95060,1,208 Bay St #A,36.9626477,-122.0502403,824963,2,1.5,1178,390,1977,2
230,730,95060,1,208 Bay St #B,37.022578,-122.0364873,945946,3,2,1573,335,1967,2
231,732,95060,1,208 Bay St #C,37.0225183,-122.0363097,892510,2,2,1544,421,1967,2
232,733,95060,1,208 Bay St #D,37.0231396,-122.0359989,1952344,4,4.5,3163,156,1967,3
233,734,95060,1,208 Bay St #E,37.0228098,-122.035466,1243437,3,2,2484,169,1968,5
234,735,95060,1,208 Bay St #F,37.0225408,-122.0350442,1797330,4,2.5,3231,209,1960,3
235,736,95060,1,208 Bay St #G,37.020277,-122.0322911,1915291,3,3,3898,244,1981,3
236,738,95060,1,208 Bay St #H,37.0211611,-122.0320469,1901570,4,3.5,3743,614,1958,3
237,743,95060,1,208 Bay St #J,36.9662115,-122.0576237,929270,2,2.5,1400,246,1998,2
238,749,95060,1,217 Bay St,36.9566027,-122.0423928,1082353,3,2,1176,514,1954,0
239,770,95060,1,218 Bay St #D,36.9697621,-122.1049358,1009432,3,2,1382,470,1962,0
240,774,95060,1,221 Bay St,36.9730989,-122.0412384,1161669,3,2,1778,157,1958,0
241,777,95060,1,229 Bay St,36.9691268,-122.0533149,1036688,4,2,1705,358,1978,0
242,778,95060,1,235 Bay St,36.9691598,-122.0535813,1062596,3,2.5,1658,367,1977,0
243,779,95060,1,317 Bay St,36.9691638,-122.0540697,1141798,4,2.5,1728,323,1978,0
244,780,95060,1,1209 Bay St,36.9694708,-122.0544914,1325475,3,2,2178,144,1979,5
245,782,95060,1,233 Beachview Ave,36.9691631,-122.0548244,1141594,4,2.5,1728,365,1978,0
246,783,95060,1,538 Bellevue St,36.9687284,-122.0545136,1171561,3,2.5,1745,573,1978,0
247,785,95060,1,128 Berkshire Ave,36.9572998,-122.0368934,824605,2,2,930,414,1986,2
248,791,95060,1,560 Bethany Curv,36.957425,-122.036368,1215085,2,2,1202,154,1898,5
249,792,95060,1,567 Bethany Curv,36.9578343,-122.0366649,1147977,3,2,1208,364,1977,0
250,793,95060,1,573 Bethany Curv,36.9579121,-122.0365317,1512245,3,3,1895,132,2010,5
251,798,95060,1,576 Bethany Curv,36.9580009,-122.0357658,1082847,3,2,958,521,2001,0
252,800,95060,1,578 Bethany Curv,36.9580586,-122.0356992,763474,2,1.5,863,264,1986,2
253,804,95060,1,608 Bethany Curv,36.9583091,-122.0355962,1185705,3,1.5,1390,155,1964,0
254,813,95060,1,610 Bethany Curv,36.9594498,-122.0351533,1331372,2,2.5,1768,256,2008,5
255,821,95060,1,16 Beulah Dr,36.9604479,-122.0353772,923698,3,2,1340,199,1970,2
256,826,95060,1,19 Beulah Dr,36.9611403,-122.0359518,1014905,4,2,1486,151,1915,0
257,833,95060,1,20 Beulah Dr,36.9620126,-122.0387075,892721,2,2,1280,332,1920,2
258,842,95060,1,38 Beulah Dr,36.9627197,-122.0399951,884997,2,2,1353,229,1969,2
259,843,95060,1,46 Beulah Dr,36.9627928,-122.0401283,1314547,5,2.5,1819,302,1900,5
260,844,95060,1,68 Beulah Dr,36.9627063,-122.0407611,901671,3,2,1263,567,1987,2
261,845,95060,1,1 Bird Hill Ln,36.9629745,-122.040528,1340483,5,3,2042,497,1898,5
262,854,95060,1,3 Bird Hill Ln,36.973789,-122.0413272,830000,3,2,1356,612,1936,2
263,858,95060,1,116 Bixby St,37.0025681,-122.0213891,1036045,4,2,2290,269,1965,0
264,861,95060,1,125 Bixby St #A,36.9997872,-122.0236762,1271112,3,2,2522,327,1962,5
265,867,95060,1,125 Bixby St #B,37.0020632,-122.0229434,1093856,3,2,2126,447,1963,0
266,876,95060,1,127 Bixby St,36.9631441,-122.0552683,1013274,3,2,1673,207,1955,0
267,879,95060,1,134 Bixby St,36.9634035,-122.0555347,952579,3,2,1416,371,1961,2
268,884,95060,1,135 Bixby St,36.9636472,-122.0559787,1321884,4,3,2209,346,1964,5
269,887,95060,1,138 Bixby St,36.9638201,-122.0561563,976022,4,4,1863,246,1999,0
270,889,95060,1,142 Bixby St,36.9813701,-122.0241425,792379,3,2,1313,140,1985,2
271,892,95060,1,143 Bixby St,37.003509,-122.019701,829486,3,1.5,1316,445,1953,2
272,896,95060,1,146 Bixby St,37.008007,-122.0202344,1477005,3,3,2849,172,1975,5
273,903,95060,1,147 Bixby St,37.018836,-122.026464,1649182,3,3,3112,151,1980,3
274,909,95060,1,151 Bixby St,37.0320595,-122.0223326,812641,2,2,1017,433,1946,2
275,911,95060,1,152 Bixby St,37.0327963,-122.0215667,1449316,3,2.5,3111,181,1999,5
276,915,95060,1,104 Blackburn St,37.0081959,-122.0741558,1099548,2,2.5,1965,560,1985,0
277,916,95060,1,119 Blackburn St,37.0085193,-122.0726701,1422514,3,3,3144,118,1952,5
278,917,95060,1,122 Blackburn St,36.9706126,-122.0272954,674075,2,1.5,847,282,1900,4
279,918,95060,1,126 Blackburn St,42.006987,-71.498211,1463303,2,2.5,1680,483,1880,5
280,928,95060,1,203 Blackburn St,36.9871309,-122.0182804,799217,3,1.5,1419,298,1941,2
281,929,95060,1,208 Blackburn St,36.9873237,-122.0187689,809898,2,2,1253,200,1963,2
282,930,95060,1,211 Blackburn St,36.9875504,-122.0187847,810528,3,2,1252,280,1971,2
283,932,95060,1,235 Blackburn St,36.9878384,-122.0180916,801207,3,2,1265,129,1960,2
284,934,95060,1,117 Blaine St,36.9882304,-122.0180293,800823,3,2,1224,318,1961,2
285,942,95060,0,118 Blaine St,37.075699,-122.1351735,1037406,3,2,2342,404,1981,0
286,943,95060,0,122 Blaine St,37.076369,-122.1368814,979039,3,3,1996,125,1980,0
287,944,95060,1,134 Blaine St #A,37.0059828,-122.0753334,2098891,9,3,4860,432,1929,1
288,949,95060,1,134 Blaine St #B,37.0098042,-122.076665,1100000,2,2.5,1887,583,1954,0
289,951,95060,1,134 Blaine St #C,37.0075044,-122.075977,1369285,3,2,2551,547,1980,5
290,954,95060,1,181 Blessing Ln,37.027196,-122.097389,1575904,3,2.5,4008,231,1986,3
291,959,95060,1,255 Blessing Ln,37.043494,-122.106265,1216025,3,2,2279,287,1992,5
292,961,95060,1,460 Blessing Ln,37.045635,-122.1091958,764922,3,2,1878,185,1965,2
293,962,95060,1,300 Bonnie Brae,37.047682,-122.106918,890229,2,2,1800,472,1981,2
294,963,95060,1,411 Bonnie Brae,37.0446094,-122.1089739,703714,3,2,1438,330,1979,4
295,969,95060,1,420 Bonnie Brae,37.0539138,-122.1183364,1218578,5,4,2912,112,1975,5
296,970,95060,1,4299 Bonny Doon Rd,37.056289,-122.120229,918934,3,2,1680,774,1987,2
297,975,95060,1,4415 Bonny Doon Rd,37.0623212,-122.1205549,1241583,3,3,2900,157,1991,5
298,982,95060,1,4664 Bonny Doon Rd,37.0698208,-122.1249029,1057257,3,2.5,2059,255,1993,0
299,983,95060,1,4685 Bonny Doon Rd,37.0702243,-122.126123,1179448,3,3,2910,198,1994,0
300,985,95060,1,4825 Bonny Doon Rd,37.108409,-122.141955,718599,3,2,1692,520,1952,4
301,987,95060,1,4915 Bonny Doon Rd,36.9763983,-122.0366649,1322431,3,2,2132,657,1908,5
302,988,95060,1,5250 Bonny Doon Rd,36.9687714,-122.0463444,1312910,3,2,1920,237,1947,5
303,993,95060,1,5294 Bonny Doon Rd,36.96532,-122.0466552,1350300,3,3,2031,167,1947,5
304,994,95060,1,5657 Bonny Doon Rd,36.9651023,-122.0468772,1129846,2,2,1793,242,1938,0
305,1002,95060,1,6000 Bonny Doon Rd,36.963878,-122.0485644,1144892,3,2,2099,152,1949,0
306,1003,95060,1,6015 Bonny Doon Rd,36.9637474,-122.0481204,1338926,3,2.5,2275,385,1950,5
307,1013,95060,1,6040 Bonny Doon Rd,36.9628446,-122.0501183,844524,2,2,1233,552,1951,2
308,1019,95060,1,6688 Bonny Doon Rd,36.9632907,-122.052649,791088,2,2,1439,431,1981,2
309,1020,95060,1,6690 Bonny Doon Rd,36.9632907,-122.052649,747793,2,2,1439,344,1981,2
310,1021,95060,1,6742 Bonny Doon Rd,36.9632907,-122.052649,747765,2,2,1439,451,1981,2
311,1022,95060,1,6796 Bonny Doon Rd,36.9632907,-122.052649,794671,2,2,1439,417,1981,2
312,1023,95060,1,6800 Bonny Doon Rd,36.9632907,-122.052649,710694,2,2,1439,330,1981,4
313,1025,95060,1,6969 Bonny Doon Rd,36.9632907,-122.052649,839952,3,2,2037,130,1981,2
314,1027,95060,1,109 Bonnywood Way,36.9625374,-122.0518609,828215,2,1.5,1230,272,1978,2
315,1028,95060,1,170 Bonnywood Way,36.9624787,-122.0523382,828755,2,1.5,1230,184,1978,2
316,1029,95060,1,180 Bonnywood Way,36.9623217,-122.0523271,832936,2,1.5,1282,316,1978,2
317,1033,95060,1,250 Bonnywood Way,36.9621153,-122.0522605,957512,3,2,1684,249,1978,2
318,1036,95060,1,102 Bradley Dr,36.961897,-122.051783,830828,2,1.5,1230,219,1979,2
319,1038,95060,1,109 Bradley Dr,36.9617152,-122.0517721,917100,3,2,1684,205,1979,2
320,1045,95060,1,110 Bradley Dr,37.0004163,-122.0121071,1321024,2,3,2679,189,1986,5
321,1046,95060,1,118 Bradley Dr,36.9996271,-122.0126623,1221944,3,2,2994,171,1990,5
322,1055,95060,1,122 Bradley Dr,36.9970226,-122.0134839,1441315,4,2.5,2472,155,1977,5
323,1056,95060,1,138 Bradley Dr,36.997546,-122.012307,1080150,3,2,2007,212,1965,0
324,1058,95060,1,148 Bradley Dr,36.9979557,-122.011885,1098745,3,2,2239,172,1964,0
325,1064,95060,1,20 Braemoor Dr,36.9999955,-122.0109968,1263454,3,2,2415,418,1985,5
326,1067,95060,1,25 Braemoor Dr,37.0004001,-122.0115963,1415203,4,4,3023,389,1988,5
327,1072,95060,1,30 Braemoor Dr,37.0008736,-122.0118406,1453994,4,3,3151,169,1986,5
328,1073,95060,1,33 Braemoor Dr,36.9780657,-122.0383966,1082707,3,2,1776,225,1963,0
329,1076,95060,1,40 Braemoor Dr,36.978465,-122.0385743,1277136,3,2,2100,155,1960,5
330,1077,95060,1,45 Braemoor Dr,36.9783452,-122.0390303,1340135,3,2,2319,323,1961,5
331,1087,95060,1,65 Braemoor Dr,36.965578,-122.028602,600749,2,2,1100,302,1997,4
332,1089,95060,1,70 Braemoor Dr,36.96568,-122.028616,528497,2,2,915,175,1997,4
333,1094,95060,1,90 Braemoor Dr,36.965826,-122.028687,528289,2,2,915,175,1997,4
334,1095,95060,1,100 Braemoor Dr,36.965811,-122.028716,581582,2,2,1076,164,1997,4
335,1098,95060,1,104 Braemoor Dr,36.965924,-122.028734,529185,2,2,931,226,1997,4
336,1099,95060,1,118 Braemoor Dr,36.965909,-122.028764,596831,2,2,1100,225,1997,4
337,1110,95060,1,120 Braemoor Dr,36.96548,-122.029024,522718,2,2,931,199,1998,4
338,1111,95060,1,130 Braemoor Dr,36.9654529,-122.029018,656686,3,2,1100,182,1998,4
339,1118,95060,1,135 Braemoor Dr,36.96535,-122.029423,526202,2,2,931,200,1996,4
340,1128,95060,1,140 Braemoor Dr,36.965599,-122.029503,610000,2,2,1076,567,1998,4
341,1132,95060,1,150 Braemoor Dr,36.965703,-122.029522,599666,3,2,1100,189,1998,4
342,1133,95060,1,155 Braemoor Dr,36.965888,-122.029496,535762,2,2,931,213,1998,4
343,1137,95060,1,160 Braemoor Dr,36.965928,-122.029375,527271,2,2,915,202,1998,4
344,1138,95060,1,170 Braemoor Dr,36.965955,-122.029382,593083,2,2,1076,372,1998,4
345,1141,95060,1,180 Braemoor Dr,36.9845735,-122.0257856,995666,4,2,2156,107,1976,0
346,1142,95060,1,190 Braemoor Dr,37.0594773,-122.1202443,927695,3,2.5,1680,410,1982,2
347,1143,95060,1,195 Braemoor Dr,36.9887451,-122.02019,852935,2,1.5,1550,323,1948,2
348,1147,95060,1,200 Braemoor Dr,36.9549819,-122.0459004,1362739,3,2,1809,359,1974,5
349,1149,95060,1,205 Braemoor Dr,36.9594107,-122.0266182,2347779,3,2.5,2948,746,1990,1
350,1153,95060,1,210 Braemoor Dr,36.959481,-122.0287386,1359238,3,2,1685,187,1989,5
351,1156,95060,1,244 Braemoor Dr,36.9596078,-122.0301374,1383955,3,3,1588,194,1960,5
352,1160,95060,1,260 Braemoor Dr,36.9606725,-122.0347556,1307868,3,2.5,2016,375,2013,5
353,1162,95060,1,270 Braemoor Dr,36.9608345,-122.0348444,1571913,3,2.5,2016,377,2013,3
354,1165,95060,1,300 Braemoor Dr,36.9609251,-122.0354216,1014222,3,2,1501,233,1977,0
355,1166,95060,1,310 Braemoor Dr,36.9609981,-122.0354905,769956,2,1.5,975,231,1977,2
356,1172,95060,1,315 Braemoor Dr,36.969714,-122.0542472,1036660,3,2,1615,487,1978,0
357,1173,95060,1,320 Braemoor Dr,36.9698719,-122.0538477,1330019,4,2.5,2062,292,1978,5
358,1174,95060,1,330 Braemoor Dr,36.9698806,-122.0540697,1040865,3,2,1615,619,1978,0
359,1176,95060,1,340 Braemoor Dr,37.007814,-122.0089537,1100702,3,2,1989,282,1977,0
360,1178,95060,1,355 Braemoor Dr,37.0079631,-122.0083319,2326889,5,6,5267,106,1976,1
361,1184,95060,1,365 Braemoor Dr,37.001104,-122.0104,1171614,4,2.5,2168,170,1974,0
362,1185,95060,1,370 Braemoor Dr,37.0020999,-122.0101537,915142,3,1.5,1450,248,1965,2
363,1186,95060,1,161 Branciforte Dr,37.003466,-122.010271,1366763,4,4,2489,181,1966,5
364,1187,95060,1,300 Branciforte Dr,37.003954,-122.007594,1640593,3,2.5,3292,182,2006,3
365,1188,95060,1,302 Branciforte Dr,37.0042527,-122.0091314,1098581,4,3,2007,490,1963,0
366,1192,95060,1,360 Branciforte Dr,37.008824,-122.011571,1374756,3,2,2381,220,1922,5
367,1194,95060,1,384 Branciforte Dr,37.009397,-122.009462,1468796,4,3,2859,297,1948,5
368,1198,95060,1,420 Branciforte Dr,37.0099982,-122.010597,1074688,3,2.5,1922,291,1949,0
369,1201,95060,1,440 Branciforte Dr,37.0140986,-122.0155269,1443788,3,3.5,2581,162,1944,5
370,1210,95060,1,650 Branciforte Dr,37.018375,-122.01748,1663754,3,3.5,3328,149,1985,3
371,1215,95060,1,652 Branciforte Dr,37.0230969,-122.0206563,1109048,3,2.5,2059,332,1976,0
372,1216,95060,1,850 Branciforte Dr,37.0238558,-122.0203899,1524364,3,2,3413,120,1999,5
373,1217,95060,1,852 Branciforte Dr,37.0235876,-122.0213447,1064452,2,2,1790,262,1946,0
374,1219,95060,1,870 Branciforte Dr,37.024048,-122.0223217,1405925,4,3,2680,252,1990,5
375,1221,95060,1,141 Bridlewood Ct,37.024768,-122.023021,1471782,3,2.5,2715,169,1999,5
376,1226,95060,1,175 Bridlewood Ct,37.026392,-122.017738,1283304,3,2,2335,428,1977,5
377,1227,95060,1,195 Bridlewood Ct,37.0271585,-122.0194675,989737,3,2,1739,216,1976,0
378,1229,95060,1,229 Bridlewood Ct,37.0272991,-122.0182804,1441230,4,2.5,2905,372,1985,5
379,1230,95060,1,250 Bridlewood Ct,37.0281684,-122.0195905,1459992,4,4,2911,463,1981,5
380,1233,95060,1,259 Bridlewood Ct,37.031391,-122.018977,1419618,4,2.5,2810,260,1960,5
381,1235,95060,1,266 Bridlewood Ct,37.0324349,-122.0171257,1037728,3,2.5,1768,509,1937,0
382,1236,95060,1,295 Bridlewood Ct,37.0324137,-122.0183248,1389298,2,2.5,2522,129,1998,5
383,1238,95060,1,296 Bridlewood Ct,37.0251692,-122.0200346,1285284,4,3,2500,194,1979,5
384,1246,95060,1,315 Bridlewood Ct,36.9837265,-122.0217,803290,3,2,1380,362,1962,2
385,1251,95060,1,335 Bridlewood Ct,36.9834257,-122.02019,839873,3,2,1413,149,1950,2
386,1254,95060,1,350 Bridlewood Ct,36.9839387,-122.0196127,800572,3,2,1401,305,1946,2
387,1265,95060,1,355 Bridlewood Ct,36.9905917,-122.0361321,1237240,3,2.5,1936,284,2001,5
388,1268,95060,1,475 Brisa Del Mar,36.9590673,-122.0356892,1241163,5,2,1581,187,1938,5
389,1271,95060,1,675 Brisa Del Mar,36.9982114,-122.028228,1520221,4,2.5,3033,157,1950,5
390,1275,95060,1,775 Brisa Del Mar,36.9980679,-122.0299598,1262383,2,2,2425,367,1955,5
391,1278,95060,1,815 Brisa Del Mar,36.9999224,-122.0303151,1135793,3,2.5,2231,179,1966,0
392,1279,95060,1,1125 Brisa Del Mar,37.0007318,-122.0307591,997004,2,2.5,1586,312,1949,0
393,1283,95060,1,1295 Brisa Del Mar,37.000854,-122.0316694,1042629,3,2,1770,223,1975,0
394,1285,95060,1,129 Broadway,37.0010536,-122.0317582,1004522,4,2,1754,230,1974,0
395,1286,95060,1,133 Broadway,37.0012521,-122.0319137,1035907,3,2,1718,524,1975,0
396,1288,95060,1,208 Broadway,37.0016257,-122.0321135,1023636,3,2,1694,153,1975,0
397,1291,95060,1,213 Broadway,37.0037331,-122.0323799,1462789,3,2.5,2771,379,1960,5
398,1293,95060,1,216 Broadway,37.002424,-122.0324687,1093434,3,2,2250,180,1975,0
399,1299,95060,1,221 Broadway,37.0075929,-122.0337787,1457719,3,2.5,2705,187,1959,5
400,1303,95060,1,224 Broadway,37.0089627,-122.0338009,1114548,3,2,2178,264,1956,0
401,1304,95060,1,225 Broadway,37.0095661,-122.0338009,1642741,3,3.5,2725,202,2005,3
402,1305,95060,1,227 Broadway,37.0099177,-122.0338231,1100845,2,2,2036,383,1960,0
403,1306,95060,1,310 Broadway,37.010206,-122.0338675,1100000,3,2.5,2779,396,1960,0
404,1318,95060,1,313 Broadway,36.9610231,-122.0507766,411305,2,2,910,343,1989,4
405,1319,95060,1,316 Broadway,36.9610231,-122.0507766,410101,2,2,908,344,1989,4
406,1322,95060,1,317 Broadway,36.9610231,-122.0507766,409672,2,2,910,343,1989,4
407,1329,95060,1,319 Broadway #A1,36.9610231,-122.0507766,678394,2,2.5,1077,478,1989,4
408,1335,95060,1,319 Broadway #B1,36.9610231,-122.0507766,676283,2,2.5,1073,451,1989,4
409,1350,95060,1,319 Broadway #B2,36.9610231,-122.0507766,671644,2,2.5,1077,447,1989,4
410,1355,95060,1,320 Broadway,36.9610231,-122.0507766,556051,2,2,913,490,1989,4
411,1357,95060,1,321 Broadway #A1,36.9610231,-122.0507766,556058,2,2,913,575,1989,4
412,1362,95060,1,321 Broadway #B2,36.9610231,-122.0507766,787119,2,2.5,1077,446,1989,2
413,1363,95060,1,321 Broadway #C2,36.9610231,-122.0507766,675064,2,2.5,1073,564,1989,4
414,1370,95060,1,120 Brook Knoll Dr,36.9610231,-122.0507766,545544,2,2,913,487,1989,4
415,1375,95060,1,188 Brook Knoll Dr,36.9610099,-122.054336,1028285,3,2,1748,400,1989,0
416,1376,95060,1,218 Brookside Ave,36.9613364,-122.0550073,936471,3,2,1501,466,1980,2
417,1379,95060,1,224 Brookside Ave,36.9610179,-122.0553127,1336091,4,3,1600,300,1975,5
418,1381,95060,1,252 Brookside Ave,36.9610242,-122.0556679,860168,2,1.5,1264,202,1974,2
419,1387,95060,1,414 Button St,36.9613624,-122.0571773,843580,2,2,1254,200,2005,2
420,1388,95060,1,817 California St,36.96136,-122.0573105,840001,2,2.5,1254,557,2005,2
421,1390,95060,1,102 Calvin Pl,36.9613657,-122.0575407,903474,2,2.5,1254,556,2005,2
422,1393,95060,1,209 Calvin Pl,36.9613727,-122.0580208,848213,2,2.5,1254,554,2005,2
423,1431,95060,1,109 Campbell St,36.9849299,-122.0175698,810042,3,2,1231,242,1918,2
424,1436,95060,1,110 Campbell St,36.9849148,-122.0169925,859281,3,2,1468,224,1962,2
425,1439,95060,1,116 Campbell St,36.9759305,-122.0303151,1477948,3,2.5,2649,296,1987,5
426,1446,95060,1,121 Campbell St,36.9767025,-122.0307591,1430948,3,2.5,2739,661,1912,5
427,1447,95060,1,122 Campbell St,36.97239,-122.03285,619375,2,2,1220,451,1976,4
428,1451,95060,1,127 Campbell St,36.9568483,-122.0434584,1062552,3,2,1128,609,1960,0
429,1462,95060,1,131 Campbell St,36.9566933,-122.045856,1677477,4,3,2465,114,1964,3
430,1469,95060,1,140 Candy Ln,36.9565592,-122.0470548,1093440,3,2,1176,197,1965,0
431,1470,95060,1,112 Canfield Ave #D,36.9565679,-122.0472768,989954,2,2,897,780,1961,0
432,1471,95060,1,118 Canfield Ave #C,36.9570113,-122.0473212,1326266,3,2,1998,138,1965,5
433,1475,95060,1,118 Canfield Ave #D,36.9568982,-122.0478096,1100470,2,2,1306,842,1971,0
434,1477,95060,1,121 Canfield Ave,36.9567624,-122.0483868,1071548,3,2,1187,195,1967,0
435,1495,95060,1,130 Canfield Ave #B,36.9798863,-122.0353873,2225242,3,4,5367,224,1957,1
436,1497,95060,1,137 Canfield Ave,36.9798419,-122.0346224,1113961,3,2,1895,211,1959,0
437,1498,95060,1,103 Carbonera Ct,36.979283,-122.0344315,1188090,4,2,2200,380,1969,0
438,1499,95060,1,107 Carbonera Ct,36.9796019,-122.0338432,1268802,2,2,2284,175,1958,5
439,1501,95060,1,117 Carbonera Ct,37.0181171,-122.0328906,1059374,4,2,2150,368,1968,0
440,1506,95060,1,121 Carbonera Ct,36.9944797,-122.023765,2356452,4,5,4410,387,1953,1
441,1514,95060,1,101 Carbonera Dr,36.9922576,-122.0235651,1373757,2,2,2209,389,1957,5
442,1517,95060,1,102 Carbonera Dr,36.9924723,-122.0242313,1230505,3,3.5,1950,432,1966,5
443,1518,95060,1,106 Carbonera Dr,36.9928455,-122.0251861,2397063,5,4,4509,310,1938,1
444,1523,95060,1,110 Carbonera Dr,36.9952456,-122.0259854,1524221,3,2,3236,386,1938,5
445,1524,95060,1,114 Carbonera Dr,36.995508,-122.0253637,2103232,4,4.5,3597,352,1951,1
446,1525,95060,1,118 Carbonera Dr,36.9958979,-122.0260742,1364811,2,2.5,2357,615,1972,5
447,1530,95060,1,122 Carbonera Dr,36.9973046,-122.026163,2088580,3,4,3434,319,1976,1
448,1531,95060,1,123 Carbonera Dr,36.9976562,-122.0261852,1253577,3,3,2227,404,1955,5
449,1539,95060,1,127 Carbonera Dr,36.9995003,-122.02714,1507561,4,3,2984,322,1972,5
450,1541,95060,1,202 Carbonera Dr,36.9999529,-122.02714,1297089,3,2,2498,196,1951,5
451,1542,95060,1,210 Carbonera Dr,37.0000377,-122.0266071,2038891,4,3.5,3200,203,1940,1
452,1543,95060,1,222 Carbonera Dr,37.0002158,-122.0272066,1224372,4,2.5,2119,563,1954,5
453,1544,95060,1,232 Carbonera Dr,37.0004322,-122.0270512,2050711,4,3.5,3374,180,1965,1
454,1545,95060,1,407 Carbonera Dr,37.0002907,-122.0265183,1664234,3,3,3092,495,1980,3
455,1547,95060,1,413 Carbonera Dr,36.9739024,-122.038441,838366,3,2,1459,233,1928,2
456,1548,95060,1,503 Carbonera Dr,36.9740707,-122.0388851,759174,2,1.5,1318,167,1949,2
457,1549,95060,1,508 Carbonera Dr,36.9745478,-122.0389295,805904,3,2,1164,576,1963,2
458,1551,95060,1,509 Carbonera Dr,36.9743609,-122.0395511,856504,3,2,1427,410,1962,2
459,1552,95060,1,514 Carbonera Dr,36.9747916,-122.0393735,1093115,3,2,1717,510,1964,0
460,1553,95060,1,101 Cardiff Ct,36.9748891,-122.0395511,1105964,3,1.5,1743,318,1961,0
461,1554,95060,1,103 Cardiff Ct,36.9749598,-122.0398175,1261338,3,2,1874,467,1964,5
462,1556,95060,1,105 Cardiff Ct,36.9750126,-122.0403947,1327442,3,2.5,1840,174,1964,5
463,1557,95060,1,106 Cardiff Ct,36.9752036,-122.0402615,1823995,4,3.5,2771,269,1969,3
464,1559,95060,1,107 Cardiff Ct,36.9755194,-122.0394623,1322175,4,2.5,2164,441,1963,5
465,1563,95060,2,108 Cardiff Ct,37.02076,-122.009969,1409417,4,3,2895,136,1978,5
466,1564,95060,1,109 Cardiff Ct,37.015798,-122.009869,1055066,4,1.5,1950,354,1987,0
467,1565,95060,1,110 Cardiff Ct,36.9642638,-122.0502293,1448437,3,3,2562,321,1998,5
468,1566,95060,1,111 Cardiff Ct,36.9640787,-122.0500295,1657915,3,2.5,2877,181,1991,3
469,1570,95060,1,113 Cardiff Ct,36.9823375,-122.0213003,897963,3,2,1695,106,1888,2
470,1572,95060,1,115 Cardiff Ct,36.9824378,-122.0205897,700000,2,2,2476,283,1898,4
471,1573,95060,1,117 Cardiff Ct,36.9821627,-122.0205009,1455253,6,5,3165,180,1991,5
472,1578,95060,1,118 Cardiff Ct,36.9821743,-122.0198348,926635,3,2,1698,409,2001,2
473,1583,95060,1,119 Cardiff Ct,37.06014,-122.1479714,771471,3,2,1592,322,1974,2
474,1585,95060,1,101 Cardiff Pl,37.0591604,-122.1453876,760633,3,2,1443,477,1976,2
475,1594,95060,1,103 Cardiff Pl,36.9750111,-122.0483646,1254863,3,2,1852,437,1961,5
476,1597,95060,1,105 Cardiff Pl,36.9748583,-122.049186,1081552,3,2,1637,425,1961,0
477,1598,95060,1,109 Cardiff Pl,36.9743946,-122.0490972,1310224,4,2,2316,201,1962,5
478,1601,95060,1,201 Cardiff Pl,37.001471,-122.01414,736156,3,2.5,1774,280,1988,4
479,1603,95060,1,207 Cardiff Pl,37.001389,-122.014674,735188,3,2.5,1774,393,1988,4
480,1606,95060,1,213 Cardiff Pl,37.001752,-122.014165,735897,3,2.5,1774,202,1988,4
481,1613,95060,1,215 Cardiff Pl,37.002162,-122.014594,743454,3,2.5,1774,234,1988,2
482,1614,95060,1,219 Cardiff Pl,37.002062,-122.013826,797487,3,2.5,1774,141,1988,2
483,1617,95060,1,232 Cardiff Pl,36.9910429,-122.012418,1010166,3,2.5,1787,378,1978,0
484,1619,95060,1,234 Cardiff Pl,36.9925132,-122.013928,1441194,3,3,2801,164,1965,5
485,1622,95060,1,236 Cardiff Pl,36.9939031,-122.0128177,1090299,3,2,1997,433,1955,0
486,1623,95060,1,238 Cardiff Pl,36.994151,-122.0137504,1123541,4,2.5,2434,376,1967,0
487,1626,95060,1,240 Cardiff Pl,36.9946872,-122.0132841,1421828,4,3,2623,315,1971,5
488,1627,95060,1,242 Cardiff Pl,36.9949031,-122.0138836,1243058,4,2.5,2536,126,1966,5
489,1628,95060,1,243 Cardiff Pl,36.9951539,-122.013928,1263167,3,2.5,2695,284,1978,5
490,1631,95060,1,247 Cardiff Pl,36.996386,-122.013893,1309699,3,3,2247,274,1968,5
491,1633,95060,1,251 Cardiff Pl,36.9959734,-122.0145276,1027630,3,3,2202,261,1999,0
492,1638,95060,1,252 Cardiff Pl,36.996714,-122.014935,1320187,3,3.5,2736,436,1985,5
493,1640,95060,1,254 Cardiff Pl,36.9977318,-122.0146386,1362654,5,4,2882,279,1977,5
494,1642,95060,1,40 Carter Rd,36.9985339,-122.0147941,1088269,4,2.5,2470,184,1968,0
495,1646,95060,1,111 Carter Rd,37.0000799,-122.014433,1111959,3,2.5,2306,239,1975,0
496,1661,95060,1,101 Castillion Ter,36.9881649,-122.017487,1272308,5,2,2116,352,1928,5
497,1665,95060,1,102 Castillion Ter,36.9664877,-122.0287164,1156836,4,2,1651,151,1996,0
498,1667,95060,1,103 Castillion Ter,36.9663942,-122.0290273,1143760,4,2,1570,334,1996,0
499,1668,95060,1,104 Castillion Ter,36.9662474,-122.0295158,1157462,3,2,1592,332,1989,0
500,1670,95060,1,105 Castillion Ter,36.9660629,-122.0300042,1328351,4,3,2068,104,1977,5
501,1674,95060,1,108 Castillion Ter,36.9689466,-122.0145054,891691,3,2,1468,156,1976,2
502,1675,95060,1,109 Castillion Ter,36.9690709,-122.0145942,961012,3,2,1467,484,1976,2
503,1677,95060,1,111 Castillion Ter,36.9695946,-122.0148607,779281,2,2,1262,551,1977,2
504,1678,95060,1,112 Castillion Ter,36.9697078,-122.0148607,812002,3,2,1417,310,1976,2
505,1682,95060,1,114 Castillion Ter,36.9699697,-122.0149939,823191,3,2,1443,485,1978,2
506,1683,95060,1,116 Castillion Ter,36.971476,-122.0166372,794158,2,2,1279,154,1979,2
507,1685,95060,1,118 Castillion Ter,36.9718754,-122.0168148,791631,3,2,1279,250,1978,2
508,1687,95060,1,119 Castillion Ter,36.957953,-122.047188,1016376,3,2,1281,164,1962,0
509,1690,95060,1,120 Castillion Ter,36.9514673,-122.0469216,1379110,3,2.5,1654,665,2001,5
510,1700,95060,1,121 Castillion Ter,37.010367,-122.0268735,2218439,5,3.5,4623,415,1970,1
511,1712,95060,1,122 Castillion Ter,36.9547763,-122.0295459,2172287,4,3,2846,362,1997,1
512,1716,95060,1,123 Castillion Ter,36.9554134,-122.0301075,1401772,2,2,1752,291,1981,5
513,1718,95060,1,124 Castillion Ter,36.9557993,-122.0302071,1313295,3,2,1348,506,1960,5
514,1719,95060,1,125 Castillion Ter,36.9557346,-122.0293381,1537640,3,2,1633,416,1978,5
515,1725,95060,1,128 Castillion Ter,36.9594301,-122.0290038,1847982,4,4,2240,156,1961,3
516,1729,95060,1,129 Castillion Ter,36.9637421,-122.0491416,1409380,3,3,2451,155,2008,5
517,1731,95060,1,130 Castillion Ter,36.9638216,-122.0496299,947959,3,2,1385,188,1952,2
518,1742,95060,1,131 Castillion Ter,36.9688685,-122.0299598,894927,3,2,1400,457,1996,2
519,1749,95060,1,132 Castillion Ter,36.9682319,-122.0325797,1305011,4,2,2157,334,1888,5
520,1751,95060,1,134 Castillion Ter,36.968174,-122.033093,1295909,4,3,1955,114,1947,5
521,1753,95060,1,136 Castillion Ter,36.9675989,-122.0339008,803797,3,2,1515,380,1987,2
522,1759,95060,1,138 Castillion Ter,36.969015,-122.0359989,929264,3,2,1433,558,1908,2
523,1760,95060,1,140 Castillion Ter,36.9693794,-122.0359801,916799,3,2,1282,109,1910,2
524,1761,95060,1,142 Castillion Ter,36.9691457,-122.0364429,927301,2,1.5,1428,364,1914,2
525,1765,95060,1,148 Castillion Ter,36.969646,-122.0380414,905100,2,2,1167,270,1954,2
526,1772,95060,1,150 Castillion Ter,36.970336,-122.039355,1200000,5,3,2798,429,1930,0
527,1775,95060,1,152 Castillion Ter,36.9704682,-122.0396627,891555,3,2,1189,185,1940,2
528,1782,95060,1,160 Castillion Ter,36.9713454,-122.0415492,1056847,2,2,1686,276,1939,0
529,1785,95060,1,164 Castillion Ter,36.9716353,-122.0418711,862347,2,1.5,1354,191,1954,2
530,1788,95060,1,200 Castillion Ter,36.9721928,-122.0419932,936903,3,2,1485,159,1950,2
531,1789,95060,1,202 Castillion Ter,36.9722665,-122.042127,930067,3,2,1429,444,1950,2
532,1791,95060,1,214 Castillion Ter,36.972355,-122.0422992,874188,2,2,1092,203,1908,2
533,1792,95060,1,216 Castillion Ter,36.9721301,-122.0427036,938571,3,2,1433,399,1936,2
534,1793,95060,1,218 Castillion Ter,36.9723007,-122.0430144,1581843,2,2.5,2515,147,1920,3
535,1796,95060,1,220 Castillion Ter,36.9672098,-122.0357134,882493,2,1.5,1058,164,1939,2
536,1799,95060,1,222 Castillion Ter,36.9672246,-122.036307,1545414,5,3,2898,240,1947,5
537,1813,95060,1,224 Castillion Ter,36.967958,-122.0396399,1316389,4,3,2003,132,1898,5
538,1816,95060,1,230 Castillion Ter,36.9687167,-122.0401283,1337089,3,3,2090,151,1900,5
539,1822,95060,1,63 Cathedral Park Dr,36.9697648,-122.0424462,904108,2,2,1168,582,1950,2
540,1823,95060,1,96 Cathedral Park Dr,36.9700669,-122.0421215,954859,3,2,1220,213,1912,2
541,1824,95060,1,101 Cathedral Park Dr,36.9697933,-122.0425704,951981,3,2,1390,435,1926,2
542,1825,95060,1,320 Cave Gulch,36.9701886,-122.0422596,957001,2,2,1351,196,1959,2
543,1838,95060,1,107 Cedar St,36.9719307,-122.0443337,1002088,3,2,1435,477,1954,0
544,1839,95060,1,115 Cedar St,36.9724196,-122.0441244,1848430,3,3,1703,361,1972,3
545,1842,95060,1,116 Cedar St,36.9731022,-122.0439246,1852777,3,3,3373,256,1949,3
546,1843,95060,1,119 Cedar St,36.9735961,-122.0437248,2474448,5,6,4485,308,1986,1
547,1844,95060,1,120 Cedar St,36.9741505,-122.0429478,2146641,4,4.5,3449,348,1941,1
548,1846,95060,1,122 Cedar St,36.9744036,-122.042859,1462619,3,3,2165,439,1952,5
549,1848,95060,1,419 Cedar St,36.9757031,-122.0426148,2021216,4,3,3394,538,1931,1
550,1850,95060,1,115 Chace St,36.9763728,-122.0431476,1221282,3,2,1718,437,1961,5
551,1851,95060,1,302 Chace St,36.9767147,-122.0430144,945191,2,1.5,1559,182,1936,2
552,1855,95060,1,124 Charles Dr,36.9771024,-122.042415,1486987,3,2,1927,463,1956,5
553,1858,95060,1,106 Claremont Ter,36.9786031,-122.0429249,1334082,2,2,2014,148,1954,5
554,1859,95060,1,135 Claremont Ter,36.9791401,-122.0431032,1390360,3,2,2295,137,1953,5
555,1860,95060,1,153 Claremont Ter,36.9800356,-122.0429478,1435413,4,2.5,2648,151,1953,5
556,1861,95060,1,108 Clark Ave,36.9801853,-122.0430144,839977,3,2,1332,214,1953,2
557,1862,95060,1,149 Clay St,36.9803135,-122.0435916,1271587,3,2,2325,367,1953,5
558,1864,95060,1,153 Clay St,36.9807395,-122.0436804,1225981,3,2,1789,302,1952,5
559,1866,95060,1,160 Clay St,37.0105904,-122.0298932,1109971,2,2.5,1628,288,1965,0
560,1868,95060,1,121 Cleveland Ave,37.011384,-122.0305149,2230085,4,4.5,4801,224,1967,1
561,1869,95060,1,214 Cleveland Ave,37.0111671,-122.029982,908375,3,2,1527,472,1973,2
562,1870,95060,1,308 Cleveland Ave,36.9900282,-122.0202098,922325,3,2,1579,263,1938,2
563,1874,95060,1,316 Cleveland Ave,36.9898112,-122.0189021,909675,2,2,1518,201,1977,2
564,1878,95060,1,320 Cleveland Ave,36.9670245,-122.0202122,1699195,7,4,2964,243,1965,3
565,1879,95060,1,327 Cleveland Ave,36.9601612,-122.0272288,1387036,3,2,1500,325,1952,5
566,1886,95060,1,409 Cleveland Ave,36.956045,-122.0281169,2186657,4,2.5,2552,372,2006,1
567,1894,95060,1,412 Cleveland Ave,36.9599645,-122.0276951,1365458,2,1.5,1598,469,1967,5
568,1896,95060,1,421 Cleveland Ave,36.9601612,-122.0272288,1387036,3,2,1500,325,1952,5
569,1898,95060,1,315 Cliff St,36.9604173,-122.0276951,1584228,3,2,2002,199,1908,3
570,1903,95060,1,412 Cliff St,36.979753,-122.0461446,1804908,3,3,3791,448,1984,3
571,1904,95060,1,420 Cliff St,36.9799405,-122.0462112,1594687,4,2.5,4024,174,1982,3
572,1905,95060,1,422 Cliff St,36.9801244,-122.0464776,1256847,4,2.5,2124,380,1983,5
573,1908,95060,1,504 Cliff St,36.980305,-122.04752,846841,3,2.5,1726,345,1983,2
574,1911,95060,1,514 Cliff St #B,36.980659,-122.047932,899578,3,2.5,2176,123,1983,2
575,1913,95060,1,514 Cliff St #D,36.9813505,-122.0475432,906123,3,2.5,2000,222,1981,2
576,1914,95060,1,3 Clubhouse Rd,36.981194,-122.047464,832691,3,2.5,1756,470,1981,2
577,1922,95060,1,5 Clubhouse Rd,36.9718528,-122.0312032,869293,3,2,1525,410,1900,2
578,1925,95060,1,9 Clubhouse Rd,36.9714308,-122.0316028,1090341,5,2.5,2366,226,1910,0
579,1928,95060,1,11 Clubhouse Rd,36.9756831,-122.0587312,1854048,3,3,3324,206,1995,3
580,1931,95060,1,26 Clubhouse Rd,36.9761264,-122.0592639,1515004,4,3,2609,186,1994,5
581,1934,95060,1,28 Clubhouse Rd,36.9756556,-122.0595746,2158577,4,3.5,4141,314,1991,1
582,1936,95060,1,30 Clubhouse Rd,36.9756643,-122.0597966,2118466,2,3,4203,309,1962,1
583,1939,95060,1,34 Clubhouse Rd,36.9747819,-122.0320025,910116,4,2.5,1556,231,1900,2
584,1945,95060,1,105 Coalinga Way,36.9748366,-122.0329079,878608,4,2,1704,141,1915,2
585,1947,95060,1,119 Coalinga Way,36.9781907,-122.0379772,1665683,3,3,2834,127,1963,3
586,1950,95060,1,122 Coalinga Way,36.9654132,-122.0492304,1085768,3,2,1710,164,1968,0
587,1951,95060,1,123 Coalinga Way,36.9651815,-122.0487389,1387032,2,2,3392,236,1977,5
588,1952,95060,1,3050 Coast Rd,36.9651358,-122.0492748,1096449,3,2,1710,263,1955,0
589,1954,95060,1,5403 Coast Rd,36.9647735,-122.0498519,1055427,3,2,1539,367,1970,0
590,1956,95060,1,5405 Coast Rd,36.9646052,-122.0494079,944449,2,2,1269,298,1956,2
591,1962,95060,1,5510 Coast Rd,36.9990844,-122.0307813,811745,3,2,1360,202,1964,2
592,1963,95060,1,340 Cold Spring Ct,36.9987484,-122.0305815,819352,3,2,1360,360,1964,2
593,1966,95060,1,112 Coloma St,36.9644819,-122.022831,928595,3,2.5,1803,666,2000,2
594,1968,95060,1,120 Coloma St,36.964648,-122.0228607,941333,3,2.5,1456,752,2000,2
595,1969,95060,1,130 Coloma St,36.964658,-122.023013,831289,3,2.5,1456,612,2000,2
596,1971,95060,1,111 Colorado St,36.964588,-122.023233,907304,3,2.5,1928,519,2000,2
597,1986,95060,1,114 Colorado St,36.973704,-122.044746,1304679,3,2,1808,434,1940,5
598,1991,95060,1,117 Colorado St,36.9742315,-122.0455008,1143996,4,2.5,1730,293,1957,0
599,1992,95060,1,118 Colorado St,36.9744056,-122.0456118,1211667,4,2,1750,160,1960,5
600,1996,95060,1,300 Columbia St,36.9752494,-122.0462556,1239048,3,2,1754,313,1957,5
601,1997,95060,1,307 Columbia St,36.9754745,-122.0463222,1276921,3,2,1786,454,1956,5
602,1998,95060,1,312 Columbia St,36.9757995,-122.0464332,1355325,3,2,2573,240,1957,5
603,2015,95060,1,319 Columbia St,36.969926,-122.02845,1106168,5,2,1842,216,1898,0
604,2019,95060,1,332 Columbia St,37.0569321,-122.1180702,836010,2,2,1736,161,1973,2
605,2022,95060,1,408 Columbia St,36.9695645,-122.0527378,993280,3,2,1427,198,1978,0
606,2024,95060,1,409 Columbia St,36.9752222,-122.0549354,1348786,3,3,2317,410,1998,5
607,2025,95060,1,415 Columbia St,36.9744047,-122.0595635,998919,3,2,1691,373,1967,0
608,2026,95060,1,420 Columbia St,36.950312,-122.0482536,1958302,3,2,2125,296,1978,3
609,2029,95060,1,426 Columbia St,36.9634492,-122.0464776,999415,3,2.5,1444,364,1990,0
610,2037,95060,1,432 Columbia St,37.0222926,-122.0348666,1314814,4,3,2608,286,1970,5
611,2039,95060,1,511 Columbia St,36.9657503,-122.0561674,1120874,3,2.5,1811,159,1996,0
612,2043,95060,1,516 Columbia St,36.9546093,-122.0325797,1390520,2,2,1679,339,1959,5
613,2044,95060,1,520 Columbia St,36.9566716,-122.0326241,1861751,3,3,3188,168,1985,3
614,2048,95060,1,522 Columbia St,36.9700707,-122.0525602,985769,3,2,1459,464,1969,0
615,2049,95060,1,526 Columbia St,36.9760088,-122.054041,396677,2,2,880,395,1992,4
616,2050,95060,1,607 Columbia St,36.9763013,-122.054139,401169,2,2,880,330,1992,4
617,2052,95060,1,609 Columbia St,36.9764203,-122.0561563,893326,2,4.5,1144,267,1997,2
618,2055,95060,1,616 Columbia St,36.9728942,-122.0528931,1232722,3,2,2070,152,1966,5
619,2056,95060,1,620 Columbia St,36.9732264,-122.0531424,1168737,2,2,1845,163,1969,0
620,2057,95060,1,629 Columbia St,36.9728152,-122.0530929,1000063,3,2,1620,491,1966,0
621,2058,95060,1,630 Columbia St,36.9727862,-122.0533149,1058084,3,2.5,1731,251,1966,0
622,2063,95060,1,633 Columbia St,36.9726733,-122.0544736,976789,3,2,1459,391,1969,0
623,2064,95060,1,634 Columbia St,36.973,-122.0547356,1311426,4,3,2048,187,1965,5
624,2066,95060,1,701 Columbia St,36.972971,-122.0549576,987002,3,2,1561,375,1967,0
625,2067,95060,1,705 Columbia St,36.9728751,-122.0554015,1282481,4,2.5,2005,304,1970,5
626,2069,95060,1,707 Columbia St,36.972369,-122.0555791,1278643,3,2.5,2093,373,1965,5
627,2070,95060,1,711 Columbia St,36.9727232,-122.0558122,1758716,5,3.5,3088,126,1980,3
628,2071,95060,1,720 Columbia St,36.9724774,-122.0558455,1521159,4,3,2781,254,1978,5
629,2073,95060,1,724 Columbia St,37.0621176,-122.1470265,881340,3,2,1864,494,1990,2
630,2075,95060,1,808 Columbia St,37.0271014,-122.0273398,1259911,3,3,2420,167,1961,5
631,2078,95060,1,815 Columbia St,37.0302872,-122.0283122,1938991,4,4,4146,312,1949,3
632,2081,95060,1,821 Columbia St,37.0156951,-122.0326686,1508725,4,3,3256,415,2016,5
633,2083,95060,1,822 Columbia St,37.0167105,-122.0321135,1145815,3,2,2343,354,1968,0
634,2084,95060,1,903 Columbia St,37.0170782,-122.0326463,1694875,5,3.5,3769,127,1966,3
635,2085,95060,1,904 Columbia St,37.0173138,-122.0321135,1112166,3,2,2084,380,1965,0
636,2086,95060,1,907 Columbia St,37.0173264,-122.032824,1010257,4,2,1885,392,1965,0
637,2088,95060,1,911 Columbia St,37.0178162,-122.0321357,1384524,4,3,2581,308,1967,5
638,2091,95060,1,917 Columbia St,37.0183174,-122.0322245,1102598,3,2,1720,398,1964,0
639,2093,95060,1,920 Columbia St,37.0191839,-122.0329794,940305,2,2,1630,537,1964,2
640,2095,95060,1,921 Columbia St,37.0195193,-122.0324909,975883,3,2,1590,233,1964,0
641,2099,95060,1,923 Columbia St,37.000769,-122.02812,1117654,3,2,2326,299,1960,0
642,2100,95060,1,1005 Columbia St,37.0010297,-122.0288275,1072797,4,3,2093,308,1960,0
643,2104,95060,1,1016 Columbia St,37.0017672,-122.0290717,1269203,4,3,2530,271,1960,5
644,2108,95060,1,8 Comstock Ln,37.0029989,-122.0298044,2105245,5,3.5,3714,242,1972,1
645,2110,95060,1,12 Comstock Ln,37.0037214,-122.0294713,1867192,4,3.5,2617,166,1972,3
646,2111,95060,1,64 Comstock Ln,37.0035223,-122.0300708,896901,3,2,1443,667,1960,2
647,2112,95060,1,106 Comstock Ln,37.0037973,-122.0301596,1027368,4,2,1874,227,1962,0
648,2118,95060,1,240 Comstock Ln,36.9699841,-122.0170813,877711,4,2,1614,214,1975,2
649,2119,95060,1,15 Concepcion Way,36.9702726,-122.0171257,1195707,4,2,1848,111,1900,0
650,2121,95060,1,19 Concepcion Way,36.9705547,-122.0168148,703971,2,1.5,994,170,1991,4
651,2124,95060,1,75 Conifer Ln,36.9718437,-122.0179251,1422970,4,4,2312,203,1979,5
652,2130,95060,1,80 Conifer Ln,36.972551,-122.018464,554365,2,1.5,1066,310,1979,4
653,2131,95060,1,138 Conifer Ln,36.9729338,-122.0174366,793374,2,1.5,1168,685,1947,2
654,2142,95060,1,225 Conifer Ln,36.9868552,-122.0251845,689805,3,2.5,1536,279,1995,4
655,2144,95060,1,281 Conifer Ln,36.9870755,-122.0253865,661785,2,2.5,1478,183,1995,4
656,2148,95060,1,290 Conifer Ln,36.9891814,-122.0265516,819483,4,2,1270,204,1900,2
657,2159,95060,1,299 Conifer Ln,36.9975157,-122.0320469,1176703,3,2,2094,193,1975,0
658,2163,95060,1,325 Conifer Ln,36.9949699,-122.0280947,943191,3,2,1616,277,1971,2
659,2165,95060,1,375 Conifer Ln,36.9951474,-122.0280059,933968,3,2,1637,219,1972,2
660,2168,95060,1,400 Conifer Ln,36.996063,-122.0274083,1349209,3,3,2414,294,1970,5
661,2171,95060,1,420 Conifer Ln,37.0049103,-122.0110856,1411328,4,2.5,2685,209,1978,5
662,2175,95060,1,116 Continental St,36.9661933,-122.042748,901683,2,2,1001,219,1920,2
663,2187,95060,1,120 Continental St,37.0120202,-122.0286498,1675356,4,2.5,3313,253,1990,3
664,2192,95060,1,124 Continental St,36.973419,-122.051183,684205,3,1.5,1246,216,1978,4
665,2201,95060,1,207 Continental St,36.9552799,-122.0287377,1988649,3,3.5,2548,383,1999,1
666,2202,95060,1,316 Continental St,36.9554753,-122.0287525,2175367,3,2.5,2743,372,1999,1
667,2203,95060,1,320 Continental St,36.9555651,-122.029205,1849486,2,2,2092,664,2003,3
668,2207,95060,1,324 Continental St,36.9561113,-122.0286498,2236415,3,2.5,2673,299,1999,1
669,2209,95060,1,412 Continental St,37.0128449,-122.0303595,1071955,4,3,2218,104,1966,0
670,2210,95060,1,421 Continental St,37.0124457,-122.0301818,916053,3,3,1376,159,1972,2
671,2212,95060,1,429 Continental St,37.0126901,-122.029871,1098728,3,3,1904,173,1966,0
672,2213,95060,1,433 Continental St,37.042717,-122.149693,850482,2,2.5,1689,219,1960,2
673,2221,95060,1,170 Corday Ln,37.0531339,-122.1532721,1204469,3,2.5,2607,160,1978,0
674,2224,95060,1,180 Corday Ln,37.05413,-122.152642,739311,2,2,1323,238,1981,4
675,2226,95060,1,33 Cottini Way,37.0546926,-122.1531612,782546,3,2,1710,168,1978,2
676,2228,95060,1,77 Cottini Way,37.056563,-122.150491,657373,3,2,1344,446,1963,4
677,2230,95060,1,100 Cottini Way,37.0576339,-122.1516531,728809,2,2,1180,563,1948,4
678,2232,95060,1,185 Cottini Way,37.057835,-122.150231,1002851,2,2,2310,162,1985,0
679,2234,95060,1,186 Cottini Way,37.058357,-122.150702,930823,3,2,2069,186,1980,2
680,2237,95060,1,190 Cottini Way,37.061602,-122.1496127,961506,3,2.5,2051,177,1989,2
681,2239,95060,1,255 Cottini Way,37.0627414,-122.1484594,952908,3,2.5,1976,202,1990,2
682,2241,95060,1,120 Coulson Ave,37.0643864,-122.1445115,1160292,4,3,2554,272,1979,0
683,2242,95060,1,124 Coulson Ave,37.064582,-122.143922,970720,2,3,2332,210,1973,0
684,2247,95060,1,125 Coulson Ave,37.067817,-122.145382,1196237,3,3,2472,242,1978,0
685,2249,95060,1,128 Coulson Ave,37.0680218,-122.1427926,774523,3,1.5,1560,360,1950,2
686,2251,95060,0,129 Coulson Ave,37.0717678,-122.1440285,981133,2,2.5,1920,513,2003,0
687,2253,95060,1,133 Coulson Ave,37.0738196,-122.1428258,1199070,5,2.5,2920,193,1923,0
688,2259,95060,1,134 Coulson Ave,37.080876,-122.139217,866275,3,2,1836,163,1975,2
689,2260,95060,1,212 Coulson Ave,37.079399,-122.138403,779501,3,2,1520,382,1984,2
690,2264,95060,0,213 Coulson Ave,37.0439287,-122.1164728,1122167,3,2.5,2172,327,1978,0
691,2267,95060,1,217 Coulson Ave,36.9739054,-122.0317804,1314595,3,1.5,2426,124,1918,5
692,2268,95060,0,220 Coulson Ave,37.044978,-122.1099399,992973,3,3,1996,589,1976,0
693,2270,95060,0,232 Coulson Ave,37.0438973,-122.1114588,1192685,3,2,2374,151,1975,0
694,2271,95060,0,236 Coulson Ave,37.0438944,-122.1122797,941796,3,2,2004,266,1977,2
695,2274,95060,0,303 Coulson Ave,37.0427835,-122.1172715,966236,3,2,2001,136,1977,2
696,2277,95060,1,311 Coulson Ave,36.9564709,-122.0340451,1666181,4,2,2735,338,1952,3
697,2278,95060,1,318 Coulson Ave,36.9568349,-122.0340895,1848649,3,2.5,2424,192,2003,3
698,2281,95060,1,31 Country Estates Dr,36.9564239,-122.0345779,1328366,4,2,1457,463,1948,5
699,2297,95060,1,84 Country Estates Dr,36.9562483,-122.0389577,1816993,3,3.5,2649,164,1991,3
700,2300,95060,1,90 Country Estates Dr,36.9562169,-122.0393129,1395660,3,2,1884,425,1986,5
701,2303,95060,1,91 Country Estates Dr,36.9562201,-122.040528,1402863,3,2,1834,534,1978,5
702,2311,95060,1,200 Country Estates Dr,36.9559189,-122.0414283,1207029,3,2,1344,199,1962,0
703,2313,95060,1,305 Country Estates Dr,36.9558889,-122.0417915,1198979,3,2,1375,272,1963,0
704,2314,95060,1,340 Country Estates Dr,36.9553121,-122.0421774,1729506,4,3,2388,406,1950,3
705,2318,95060,1,353 Country Estates Dr,36.955142,-122.0431769,1839719,4,3,3432,200,1969,3
706,2324,95060,1,75 Country Estates Ter,36.9885426,-122.0209894,1299244,4,3,2508,141,1950,5
707,2328,95060,1,105 Country Estates Ter,37.0041416,-122.0320247,1922655,4,3,3521,409,1969,3
708,2329,95060,1,156 Country Estates Ter,37.024949,-122.0370583,1367957,3,3,2444,144,1972,5
709,2331,95060,1,220 Country Estates Ter,37.0252612,-122.0365708,1091273,3,2,1698,212,1969,0
710,2334,95060,1,280 Country Estates Ter,36.9702607,-122.035244,856538,3,2,1398,191,1983,2
711,2335,95060,1,471 Country Estates Ter,36.9699409,-122.0355548,1341182,4,3,2053,122,1900,5
712,2338,95060,1,488 Country Estates Ter,36.970147,-122.0359989,1431277,3,2.5,2382,109,1950,5
713,2344,95060,1,495 Country Estates Ter,36.9710914,-122.0373754,1097879,5,1.5,1905,147,1900,0
714,2345,95060,1,125 Cowell St,36.9708093,-122.0376862,943194,3,2.5,1282,144,1910,2
715,2348,95060,1,136 Cowell St,36.9714524,-122.0392674,1494206,4,2,2479,325,1900,5
716,2349,95060,1,141 Cowell St,37.0223369,-122.0359101,1104386,2,2,1998,353,1963,0
717,2350,95060,1,211 Creekside Ln,37.0216971,-122.0358435,1412990,4,3,3164,242,1965,5
718,2351,95060,1,227 Creekside Ln,37.0221935,-122.0361987,1124421,3,2,2136,304,1972,0
719,2396,95060,1,230 Creekside Ln,36.9914226,-122.0324909,1010499,5,3,1906,192,1970,0
720,2397,95060,1,102 Crespi Ct,36.999291,-122.037838,898550,3,2,1431,140,1974,2
721,2399,95060,1,110 Crespi Ct,36.9999993,-122.0380858,940505,2,2,1540,201,1968,2
722,2407,95060,1,111 Crespi Ct,36.970274,-122.021088,1072135,2,2,1778,118,1954,0
723,2408,95060,1,114 Crespi Ct,36.9708429,-122.0212559,787173,4,2,1019,256,1908,2
724,2413,95060,1,115 Crespi Ct,36.9714977,-122.0212115,809955,2,2,1517,174,1930,2
725,2415,95060,1,119 Crespi Ct,36.9716702,-122.0214224,796981,2,2,1164,157,1901,2
726,2416,95060,1,122 Crespi Ct,36.9719836,-122.0214779,1713800,4,4,3502,192,1898,3
727,2418,95060,1,131 Crespi Ct,36.9724585,-122.0216556,813628,2,2,1320,477,1954,2
728,2419,95060,1,134 Crespi Ct,36.9725337,-122.0219871,1428888,5,2,2472,192,1900,5
729,2421,95060,1,135 Crespi Ct,36.9727291,-122.0220108,1564910,4,4,2563,146,1952,3
730,2426,95060,1,110 Cress Rd,36.993584,-122.021329,1456632,5,3,2812,260,1951,5
731,2427,95060,1,111 Cress Rd,36.9510724,-122.0522494,1177438,4,2,1387,595,1957,0
732,2439,95060,1,114 Cress Rd,36.9572332,-122.042304,1078888,3,2,1214,648,1961,0
733,2445,95060,1,119 Cress Rd,36.9586718,-122.0420376,974390,3,2,1290,167,1949,0
734,2450,95060,1,122 Cress Rd,36.9594282,-122.0426592,1092240,3,2,1542,185,1988,0
735,2452,95060,1,146 Cress Rd,36.9596006,-122.0421486,1067247,3,2,1504,160,1982,0
736,2454,95060,1,300 Cress Rd,36.9597366,-122.0422593,1184957,3,2,1548,138,1913,0
737,2455,95060,1,330 Cress Rd,36.9596923,-122.0426592,1067813,3,2,1596,501,1965,0
738,2457,95060,1,340 Cress Rd,36.9601254,-122.0423484,868246,2,2,948,607,1902,2
739,2458,95060,1,350 Cress Rd,36.9602525,-122.0422707,1201096,3,2,1560,352,1987,0
740,2459,95060,1,425 Cress Rd,36.960281,-122.0428035,956999,2,2,1375,348,1900,2
741,2471,95060,1,525 Cress Rd,36.9647445,-122.0392847,1343276,2,3,1885,119,1925,5
742,2481,95060,1,201 Cypress Park,36.972703,-122.0522824,1158547,4,2,1845,344,1966,0
743,2485,95060,1,239 Cypress Park,36.9721653,-122.0528709,1061611,4,2,1845,434,1966,0
744,2486,95060,1,180 Dakota Ave #11,36.9725512,-122.0530929,1297911,4,2.5,2112,107,1966,5
745,2489,95060,1,180 Dakota Ave #15,36.9720282,-122.0535147,1061040,4,2,1845,148,1966,0
746,2490,95060,1,180 Dakota Ave #41,36.9723885,-122.0537589,1308580,4,3,2048,173,1966,5
747,2491,95060,1,216 Dakota Ave,36.9719653,-122.054225,1073825,4,2,1845,159,1966,0
748,2493,95060,1,2 Deer Path Rd,36.9722966,-122.0546912,1104529,4,3,2126,327,1965,0
749,2495,95060,1,1612 Delaware Ave,36.9720137,-122.0557567,1330531,3,2.5,2093,156,1966,5
750,2496,95060,1,2395 Delaware Ave #22,36.9720346,-122.0560009,1085696,4,2,1845,312,1965,0
751,2497,95060,1,2395 Delaware Ave #74,36.9715564,-122.0560231,1037110,3,2.5,1731,367,1966,0
752,2498,95060,1,2395 Delaware Ave #75,36.9716782,-122.056245,1331340,3,2.5,2067,135,1978,5
753,2499,95060,1,2395 Delaware Ave #78,36.961753,-122.0503292,843956,2,2,1242,179,1977,2
754,2502,95060,1,2395 Delaware Ave #79,36.962061,-122.0503403,833254,2,1.5,1303,506,1977,2
755,2503,95060,1,2395 Delaware Ave #81,36.9621791,-122.050418,888090,3,2,1242,531,1978,2
756,2516,95060,1,2395 Delaware Ave #97,36.9692862,-122.0514058,1046439,4,2,1635,222,1977,0
757,2518,95060,1,2395 Delaware Ave #99,36.9696744,-122.0514946,986135,3,2,1426,403,1977,0
758,2521,95060,1,2395 Delaware Ave #116,36.9803111,-122.0403035,1395507,3,3,2568,208,1958,5
759,2523,95060,1,2395 Delaware Ave #117,36.9807051,-122.0399063,1082981,3,2,1642,411,1958,0
760,2526,95060,1,2395 Delaware Ave #120,36.9813144,-122.0410164,1366642,3,2,2007,351,1959,5
761,2527,95060,1,2395 Delaware Ave #127,36.9816232,-122.0406168,1457577,3,2,2393,323,1959,5
762,2528,95060,1,2395 Delaware Ave #150,36.9815117,-122.0412384,1149003,3,2,1800,475,1959,0
763,2538,95060,1,2395 Delaware Ave #152,36.966012,-122.031341,732294,3,2,1515,131,1974,4
764,2539,95060,1,2395 Delaware Ave #170,36.96544,-122.031289,654448,2,2,1286,228,1974,4
765,2541,95060,1,2395 Delaware Ave #173,36.9653599,-122.031356,745650,3,2,1515,259,1974,2
766,2547,95060,1,2395 Delaware Ave #189,36.964422,-122.032402,676329,2,1.5,1286,290,1974,4
767,2549,95060,1,2395 Delaware Ave #190,36.964198,-122.032409,752804,3,2,1515,295,1974,2
768,2550,95060,1,2395 Delaware Ave #199,36.964238,-122.032588,776690,3,2,1515,155,1975,2
769,2553,95060,1,345 Dimeo Ln,36.964402,-122.032864,676791,2,1.5,1286,451,1974,4
770,2558,95060,1,435 Dimeo Ln,36.96491,-122.032847,753132,3,2,1515,343,1974,2
771,2564,95060,1,112 Dimond St,36.9722585,-122.0403947,1370019,3,2.5,2352,176,1919,5
772,2569,95060,1,124 Dimond St,36.9724018,-122.0415492,1338923,4,3,2146,135,1937,5
773,2570,95060,1,204 Dimond St,36.9725443,-122.0416713,1033484,3,2,1634,240,1938,0
774,2572,95060,1,212 Dimond St,36.9727721,-122.0419488,1375540,3,2.5,2261,383,1949,5
775,2574,95060,1,216 Dimond St,36.9728916,-122.042304,1588009,5,2,2968,364,1942,3
776,2584,95060,1,220 Dimond St,37.0135142,-122.0308923,978242,2,2,1736,288,1968,0
777,2585,95060,1,105 Donna Ct,37.0130338,-122.0310478,1014414,3,2.5,1788,238,1962,0
778,2588,95060,1,109 Donna Ct,37.012786,-122.031206,1138115,3,3,2044,261,1965,0
779,2589,95060,1,111 Donna Ct,37.0142991,-122.031292,1458993,2,3,2666,156,1970,5
780,2591,95060,1,112 Donna Ct,37.0124316,-122.0309811,1200184,5,2,2506,146,1964,0
781,2592,95060,1,115 Donna Ct,37.0115365,-122.033268,1251304,3,3,2485,221,1970,5
782,2593,95060,1,120 Donna Ct,37.0119831,-122.0336011,910890,3,2,1536,482,1960,2
783,2596,95060,1,127 Donna Ct,37.003936,-122.113235,1223718,2,2,2244,294,1953,5
784,2601,95060,1,104 Dufour St,37.018669,-122.126291,1137984,2,2,1617,479,1991,0
785,2602,95060,1,106 Dufour St,37.017501,-122.123028,1266332,3,2.5,2170,161,1978,5
786,2604,95060,1,107 Dufour St,37.019975,-122.12723,1151807,2,2,1859,382,1967,0
787,2613,95060,1,108 Dufour St,37.0346819,-122.148588,1005109,2,3,1649,275,1969,0
788,2615,95060,1,114 Dufour St,36.9614522,-122.0586743,929245,3,2.5,1548,425,2002,2
789,2642,95060,1,115 Dufour St,37.061663,-122.1234832,793033,3,2,1436,212,1991,2
790,2643,95060,1,117 Dufour St,37.0287204,-122.0253415,1454428,3,2,2374,262,1984,5
791,2645,95060,1,118 Dufour St,36.9751902,-122.0436176,1267520,4,2,1755,521,1949,5
792,2650,95060,1,119 Dufour St,36.9756664,-122.0439912,1084233,3,2.5,1487,457,1940,0
793,2653,95060,1,123 Dufour St,36.9758346,-122.0444352,1370556,3,2.5,2152,534,1959,5
794,2654,95060,1,127 Dufour St,36.9765962,-122.0440356,1335810,3,2,2048,118,1959,5
795,2655,95060,1,128 Dufour St,36.9764504,-122.0435601,1339382,3,2.5,2052,341,1965,5
796,2658,95060,1,132 Dufour St,36.9781586,-122.043858,1343817,3,2,1832,382,1959,5
797,2659,95060,1,136 Dufour St,36.9781308,-122.0432919,1351669,2,2,2075,162,1947,5
798,2661,95060,1,138 Dufour St,36.9823367,-122.0447349,1494349,3,3.5,2759,162,1954,5
799,2662,95060,1,139 Dufour St,37.00775,-122.0198348,1097748,3,2,2236,291,1989,0
800,2663,95060,1,140 Dufour St,36.988112,-122.01532,679743,3,2.5,1673,341,1985,4
801,2664,95060,1,143 Dufour St,36.987087,-122.014946,683394,2,1.5,1546,272,1985,4
802,2666,95060,1,144 Dufour St,36.9771831,-122.0349332,1263355,2,2,1963,637,1959,5
803,2667,95060,1,145 Dufour St,36.9526159,-122.0433961,1132568,3,2,1380,446,1952,0
804,2671,95060,1,148 Dufour St,36.9914871,-122.019365,826327,3,2,1332,353,1990,2
805,2672,95060,1,149 Dufour St,36.9912119,-122.0191392,875209,3,2,1508,149,1973,2
806,2681,95060,1,151 Dufour St,36.9906369,-122.01781,1037945,3,4,2139,269,1976,0
807,2682,95060,1,153 Dufour St,36.949809,-122.0554459,1854000,3,2.5,2882,643,2008,3
808,2691,95060,1,156 Dufour St,36.9513237,-122.0544248,1852357,4,2,2474,163,1972,3
809,2694,95060,1,209 Dufour St,36.9517812,-122.0541584,1756839,3,2.5,2138,180,1973,3
810,2696,95060,1,213 Dufour St,36.9521498,-122.0539365,1281640,3,2,1612,545,1975,5
811,2697,95060,1,214 Dufour St,36.9525783,-122.0538921,1869330,3,2.5,2445,378,1996,3
812,2707,95060,1,215 Dufour St,36.9514203,-122.0474544,1849214,3,3,2316,283,1963,3
813,2718,95060,1,216 Dufour St,36.9549314,-122.048076,1291323,3,2,1056,829,1973,5
814,2721,95060,1,217 Dufour St,36.955433,-122.0481648,1071298,3,2,1050,204,1995,0
815,2722,95060,1,221 Dufour St,36.9555462,-122.0481648,1070305,3,2,1050,438,1995,0
816,2724,95060,1,230 Dufour St,36.9561255,-122.0481204,1343891,3,2,1672,105,1949,5
817,2725,95060,1,231 Dufour St,36.9563606,-122.0483424,1054856,3,1.5,1080,342,1973,0
818,2726,95060,1,232 Dufour St,36.9569377,-122.0484312,968642,2,2,988,572,1966,2
819,2727,95060,1,233 Dufour St,36.9570375,-122.0484756,1069775,2,2,1243,174,1966,0
820,2730,95060,1,235 Dufour St,36.9675664,-122.0252527,570436,3,3,1894,243,1900,4
821,2733,95060,1,242 Dufour St,36.9958047,-122.0284516,900660,3,2,1581,598,1974,2
822,2742,95060,1,243 Dufour St,36.9907933,-122.026052,807438,3,2,1288,259,1946,2
823,2745,95060,0,244 Dufour St,37.045435,-122.104404,1186100,4,2.5,2506,269,1983,0
824,2750,95060,1,245 Dufour St,36.9712248,-122.0311588,925316,3,2.5,1437,172,1993,2
825,2752,95060,1,252 Dufour St,36.9711957,-122.0313808,792466,3,2,934,535,1910,2
826,2756,95060,1,260 Dufour St,37.0547555,-122.170059,833804,2,2,1756,441,1963,2
827,2759,95060,1,265 Dufour St,36.9665712,-122.0419932,997655,3,2,1384,560,1955,0
828,2767,95060,1,317 Dufour St,36.9728303,-122.0501413,574650,2,1.5,1088,287,1979,4
829,2772,95060,1,337 Dufour St,36.9728715,-122.050661,560924,2,2,1012,578,1986,4
830,2776,95060,1,341 Dufour St,36.9730483,-122.0507338,685930,3,2,1220,475,1980,4
831,2777,95060,1,343 Dufour St,36.97313,-122.050738,565534,2,1.5,1088,469,1980,4
832,2778,95060,1,405 Dufour St,36.973035,-122.049979,572121,2,1.5,1088,408,1979,4
833,2785,95060,1,410 Dufour St,36.9732162,-122.0505456,563115,2,2,1012,163,1980,4
834,2786,95060,1,414 Dufour St,36.973101,-122.049611,685672,3,2,1220,338,1979,4
835,2787,95060,1,415 Dufour St,36.9733462,-122.050587,565286,2,1.5,1088,159,1980,4
836,2788,95060,1,416 Dufour St,36.9730289,-122.04956,563312,2,2,1012,194,1979,4
837,2790,95060,1,419 Dufour St,36.973101,-122.049505,574043,2,1.5,1088,404,1979,4
838,2793,95060,1,424 Dufour St,36.973052,-122.049409,570938,2,1.5,1088,151,1978,4
839,2795,95060,1,426 Dufour St,36.972977,-122.049364,685364,3,2,1220,228,1979,4
840,2805,95060,1,429 Dufour St,36.9764551,-122.0495522,1020479,3,2.5,1884,138,1994,0
841,2807,95060,1,441 Dufour St,36.9768446,-122.0479844,1042663,2,1.5,2066,119,1996,0
842,2810,95060,1,446 Dufour St,36.9523905,-122.0343095,1397794,3,2,1694,945,1954,5
843,2811,95060,1,450 Dufour St,36.95247,-122.0344222,2369892,3,3,3761,175,1982,1
844,2813,95060,1,503 Dufour St,36.9524545,-122.0348259,2297015,3,3.5,2459,569,2015,1
845,2816,95060,1,504 Dufour St,36.9527693,-122.035688,1833148,4,2.5,2425,616,1979,3
846,2829,95060,1,511 Dufour St,36.951355,-122.0437878,1856384,4,3,2567,584,1987,3
847,2831,95060,1,515 Dufour St,36.9509072,-122.0445955,1274759,2,2,1533,139,1941,5
848,2833,95060,1,524 Dufour St,36.9505583,-122.0458285,1203789,3,2,1355,886,1956,0
849,2841,95060,1,536 Dufour St,36.9499195,-122.0505623,2000425,3,2.5,2342,747,2001,1
850,2842,95060,1,540 Dufour St,36.9498748,-122.0509619,1332557,2,1.5,1548,420,1966,5
851,2844,95060,1,546 Dufour St,36.9500077,-122.0512727,2311127,3,3.5,2064,872,1966,1
852,2848,95060,1,803 E Cliff Dr,36.9503241,-122.0526046,1966464,3,2,2128,916,1975,3
853,2849,95060,1,807 E Cliff Dr,36.9500547,-122.0536257,2834922,4,3.5,2850,412,1996,1
854,2860,95060,1,115 Easterby Ave,36.9579995,-122.0368788,887508,2,1.5,994,171,1900,2
855,2870,95060,1,123 Eastridge Ct,36.9589491,-122.0364267,1327638,2,3,1563,121,1946,5
856,2871,95060,1,124 Eastridge Ct,36.9591464,-122.0364429,909277,2,2,1068,282,1938,2
857,2880,95060,1,125 Eastridge Ct,36.9600723,-122.0359989,1295507,4,2,2028,126,1911,5
858,2890,95060,1,130 Eastridge Ct,36.9610303,-122.0381594,961957,3,2,1717,151,1952,2
859,2891,95060,1,131 Eastridge Ct,36.9613418,-122.0381765,885983,2,2,1254,100,1900,2
860,2897,95060,1,3 Eastridge Dr,36.9583197,-122.0400557,1064057,3,2,1332,195,1973,0
861,2904,95060,1,7 Eastridge Dr,36.9586977,-122.0402995,763431,2,1.5,912,204,1989,2
862,2908,95060,1,9 Eastridge Dr,33.1545946,-117.3492423,599500,2,2,1099,545,2014,4
863,2914,95060,1,11 Eastridge Dr,36.9726822,-122.0290717,2101737,7,2,3155,165,1948,1
864,2916,95060,1,15 Eastridge Dr,36.9728878,-122.0302707,1319350,5,3,1996,390,1888,5
865,2924,95060,1,16 Eastridge Dr,36.9728939,-122.032225,634476,2,1.5,1096,251,1979,4
866,2926,95060,1,19 Eastridge Dr,36.973077,-122.032353,683527,3,2.5,1230,557,1979,4
867,2928,95060,1,20 Eastridge Dr,36.9721391,-122.032824,1592329,4,3,2928,476,1868,3
868,2929,95060,1,21 Eastridge Dr,36.972736,-122.034067,563020,2,1.5,1080,162,1979,4
869,2931,95060,1,22 Eastridge Dr,36.9732268,-122.0389628,819586,2,1.5,1085,668,1908,2
870,2932,95060,1,23 Eastridge Dr,36.9741089,-122.0410164,1322303,3,2,1971,134,1927,5
871,2939,95060,1,26 Eastridge Dr,36.9702595,-122.0338675,1356883,5,1.5,2445,303,1910,5
872,2946,95060,1,29 Eastridge Dr,36.9637109,-122.0566446,913407,2,2,1645,143,1975,2
873,2949,95060,1,31 Eastridge Dr,36.9644708,-122.0563449,1017572,4,2,1728,165,1971,0
874,2950,95060,1,33 Eastridge Dr,36.964722,-122.057197,923663,3,2.5,1991,462,1981,2
875,2954,95060,1,38 Eastridge Dr,36.9650494,-122.0563338,1120857,3,2,1776,189,1962,0
876,2955,95060,1,100 Echo St,36.9652004,-122.0563338,1256079,3,2.5,2180,202,1963,5
877,2957,95060,1,101 Echo St,36.9661545,-122.0564226,952921,3,2,1161,170,1974,2
878,2972,95060,1,111 Echo St,36.9693307,-122.058154,1716043,4,3,3085,311,1989,3
879,2974,95060,1,112 Echo St,36.9709312,-122.0586646,1195232,4,2.5,1860,301,1977,0
880,2975,95060,1,115 Echo St,36.9708845,-122.0577545,1613785,6,3,2912,309,1978,3
881,2977,95060,1,116 Echo St,36.9723447,-122.0576657,1790033,3,3,2658,159,1998,3
882,2978,95060,1,118 Echo St,36.97184,-122.057879,789457,2,2,1170,191,1998,2
883,2979,95060,1,122 Echo St,36.9720492,-122.0580208,1407539,5,3,2658,310,1998,5
884,2981,95060,1,124 Echo St,36.9723847,-122.0582369,798995,2,2,1170,491,1998,2
885,2982,95060,1,130 Echo St,36.972411,-122.058168,789699,2,2,1170,329,1998,2
886,2984,95060,1,Single Family Home;$406/sqft;Lot Size: 5%968 sqft;Built in 1987;Rooms: Dining Room;Heating: Forced Air;Washer;Dryer;Fireplace;Garage;Luxury;Roof: Composition;MLS/Source ID: ML81711834;,36.973008,-122.0578433,1283888,4,2.5,1987,184,1980,5
887,2985,95060,1,33 Edgewood Way,36.9730143,-122.0581984,1341508,3,3,2028,153,1979,5
888,2987,95060,1,39 Edgewood Way,36.973988,-122.058598,2268812,4,3,4032,207,1976,1
889,2988,95060,1,40 Edgewood Way,36.9742253,-122.0586868,952099,3,2,1208,493,1956,2
890,2990,95060,1,200 El Rancho Dr,36.974891,-122.0587312,1645017,5,3,2892,259,1985,3
891,2991,95060,1,640 El Rancho Dr,36.9751157,-122.0581096,1189166,3,2,1916,431,1958,0
892,2999,95060,1,646 El Rancho Dr,36.9762512,-122.052205,1015701,3,2.5,1633,389,1980,0
893,3000,95060,1,678 El Rancho Dr,36.9759137,-122.0526586,974953,3,2,1483,405,1979,0
894,3003,95060,1,700 El Rancho Dr,36.9765483,-122.0521795,1472233,3,2.5,2674,163,1986,5
895,3006,95060,1,906 El Rancho Dr,36.9763102,-122.0529192,989683,3,2,1626,507,1979,0
896,3007,95060,1,950 El Rancho Dr,36.9764007,-122.052993,983706,3,2,1626,163,1979,0
897,3010,95060,1,1010 El Rancho Dr,36.9761545,-122.0512727,1267542,3,2,2106,373,1977,5
898,3011,95060,1,1111 El Rancho Dr,36.9758897,-122.0520274,1330765,2,2,2384,173,1983,5
899,3012,95060,1,1258 El Rancho Dr,36.9757388,-122.0520274,1005823,3,2,1625,158,1978,0
900,3015,95060,1,1268 El Rancho Dr,36.9767353,-122.0518498,1244893,3,2,2042,291,1977,5
901,3016,95060,1,1388 El Rancho Dr,36.9769553,-122.0514946,1044530,3,2,1675,358,1977,0
902,3020,95060,1,1606 El Rancho Dr,36.9671096,-122.0578877,1764462,3,3.5,2907,138,1990,3
903,3021,95060,1,1770 El Rancho Dr,36.9667531,-122.0577066,1050195,2,2.5,1400,450,1997,0
904,3023,95060,1,2000 El Rancho Dr,36.9666435,-122.0579321,1071665,3,2.5,1427,269,1997,0
905,3025,95060,1,2096 El Rancho Dr,37.0033433,-122.0280947,1342493,4,3,2552,202,1940,5
906,3028,95060,1,2099 El Rancho Dr,37.0024882,-122.0302485,1239375,4,2,2636,189,1966,5
907,3032,95060,1,2222 El Rancho Dr,37.0012307,-122.0309811,1204363,3,2.5,2463,522,1958,0
908,3033,95060,1,2474 El Rancho Dr,37.0645376,-122.1248142,985204,4,3,1960,218,1954,0
909,3037,95060,1,2810 El Rancho Dr,37.0648928,-122.1272544,697520,2,1.5,1418,461,1946,4
910,3047,95060,1,2844 El Rancho Dr,36.9596201,-122.0366228,870646,2,2,1073,549,1973,2
911,3048,95060,1,2870 El Rancho Dr,36.9597142,-122.0370571,911557,3,2,1141,160,1900,2
912,3054,95060,1,2904 El Rancho Dr,36.9603824,-122.0369758,1312501,4,3,1383,307,1998,5
913,3057,95060,1,2910 El Rancho Dr,36.9604266,-122.0380525,770013,2,1.5,1111,431,1971,2
914,3072,95060,1,2996 El Rancho Dr,37.060256,-122.139278,1032684,3,2,2133,340,1988,0
915,3074,95060,1,151 El Refugio Way,37.060476,-122.134723,954318,4,2,1608,482,1986,2
916,3079,95060,1,255 El Refugio Way,36.9532757,-122.0518098,1659237,3,3,1822,165,1971,3
917,3080,95060,1,213 Elm St,36.9528187,-122.05165,1285996,4,2,1710,137,1973,5
918,3081,95060,1,311 Elm St #A,36.9528286,-122.0518054,1282752,4,2,1701,247,1973,5
919,3087,95060,1,314 Elm St,36.9539051,-122.0369313,1713911,3,3,1626,892,1933,3
920,3093,95060,1,316 Elm St,36.9547818,-122.0371534,983678,2,2,779,834,1942,0
921,3098,95060,1,123 Emeline Ave,36.9554495,-122.0378194,1387157,3,2,1778,470,2014,5
922,3099,95060,1,127 Emeline Ave,36.9555476,-122.0372422,1341218,2,2,1794,295,1947,5
923,3100,95060,1,135 Emeline Ave,36.9555871,-122.0378638,963887,2,1.5,896,725,1935,2
924,3101,95060,1,139 Emeline Ave,36.9556677,-122.0372349,220563,3,2,1859,119,1947,4
925,3106,95060,1,311 Emeline Ave,36.956544,-122.038019,1604982,3,2,2378,155,1987,3
926,3107,95060,1,317 Emeline Ave,36.956826,-122.0375086,2045690,3,3,1557,217,1939,1
927,3112,95060,1,403 Emeline Ave,36.9585474,-122.0382924,1330452,3,3,1801,308,1900,5
928,3113,95060,1,408 Emeline Ave,36.9588436,-122.0378108,887651,3,2,942,228,1972,2
929,3115,95060,1,413 Emeline Ave,36.9751747,-122.0390405,902252,3,2,1534,349,1963,2