,Zip Code,City,Street,Lat,Lon,Trulia Est,Beds,Baths,Sqft,Price_Per_Sqft,Year Built,Cluster
1,95003,0,1010,36.987129,-121.934517,592074.0,2.0,2.5,1190.0,203.0,1981.0,3
3,95003,0,1014,36.98724,-121.934631,645689.0,2.0,2.5,1190.0,458.0,1981.0,3
4,95003,0,1015,36.98704,-121.93477,590998.0,2.0,2.5,1190.0,141.0,1981.0,3
5,95003,0,1016,36.98706,-121.93352,1137642.0,3.0,2.5,2476.0,143.0,1989.0,5
7,95003,0,1017,36.98718,-121.93479,567378.0,2.0,1.5,1044.0,358.0,1981.0,3
12,95003,0,893,36.96976,-121.88485,771092.0,3.0,2.0,1226.0,186.0,1984.0,3
13,95003,0,905,36.96992,-121.88458,1173832.0,4.0,3.0,2196.0,124.0,1965.0,5
14,95003,0,908,36.96988,-121.88394,764084.0,2.0,2.0,1271.0,279.0,1938.0,3
18,95003,0,94,36.98062,-121.88619,752121.0,3.0,2.0,1251.0,181.0,1963.0,3
22,95003,0,168,36.98016,-121.88602,828219.0,4.0,2.0,1527.0,356.0,1963.0,3
27,95003,0,476,36.9802,-121.8844,1104524.0,3.0,2.0,2208.0,165.0,1975.0,5
34,95003,0,242,36.97222,-121.87041,515380.0,3.0,2.0,1208.0,186.0,1976.0,3
35,95003,0,243,36.97204,-121.87031,528155.0,3.0,2.0,1637.0,323.0,2003.0,3
38,95003,0,253,36.97176,-121.87007,509365.0,2.0,2.0,1452.0,220.0,1977.0,3
40,95003,0,46,36.989442,-121.859223,766865.0,3.0,2.0,1839.0,316.0,1959.0,3
44,95003,0,593,36.989185,-121.856362,1212160.0,3.0,3.0,3042.0,345.0,1973.0,5
46,95003,0,345,36.966822,-121.896551,1033931.0,3.0,2.0,1563.0,399.0,1963.0,0
47,95003,0,364,36.966881,-121.896491,1194074.0,4.0,2.0,1867.0,339.0,1964.0,5
50,95003,0,403,36.967074,-121.896562,1211570.0,4.0,2.5,2143.0,201.0,1997.0,5
51,95003,0,409,36.966999,-121.896372,1108913.0,3.0,1.5,1872.0,294.0,1966.0,5
53,95003,0,420,36.967029,-121.896342,1007842.0,3.0,2.0,1499.0,364.0,1973.0,0
54,95003,0,437,36.967163,-121.896472,940933.0,3.0,2.0,1248.0,197.0,1964.0,0
59,95003,0,335,36.972059,-121.897504,894160.0,3.0,2.0,1392.0,197.0,1967.0,0
60,95003,0,352,36.972059,-121.897504,934110.0,2.0,2.0,1364.0,495.0,1968.0,0
62,95003,0,365,36.972059,-121.897504,837781.0,3.0,2.0,1146.0,330.0,1966.0,3
63,95003,0,386,36.972059,-121.897504,1020609.0,4.0,2.0,1644.0,462.0,1955.0,0
69,95003,0,457,36.972059,-121.897504,924558.0,3.0,2.0,1504.0,310.0,1986.0,0
74,95003,0,491,36.972059,-121.897504,1074686.0,3.0,2.5,1636.0,249.0,1963.0,5
81,95003,0,514,36.972059,-121.897504,1050120.0,2.0,2.0,1605.0,169.0,1980.0,0
82,95003,0,520,36.972059,-121.897504,971326.0,3.0,2.0,1594.0,464.0,1979.0,0
84,95003,0,526,36.972059,-121.897504,852517.0,3.0,2.0,1100.0,460.0,1962.0,0
85,95003,0,530,36.972059,-121.897504,883810.0,3.0,2.0,1306.0,206.0,1967.0,0
86,95003,0,536,36.972059,-121.897504,1065345.0,3.0,2.0,1880.0,221.0,1969.0,0
87,95003,0,541,36.972059,-121.897504,1025993.0,3.0,2.0,2385.0,130.0,1964.0,0
89,95003,0,545,36.972059,-121.897504,1233134.0,3.0,3.0,2221.0,388.0,2000.0,5
92,95003,0,257,37.00258,-121.90674,1444304.0,4.0,3.5,2831.0,371.0,1978.0,1
95,95003,0,618,36.98344,-121.9121,665591.0,3.0,2.5,1362.0,279.0,1986.0,3
96,95003,0,621,36.98364,-121.91194,789631.0,3.0,2.5,1362.0,136.0,1987.0,3
98,95003,0,629,36.98399,-121.91166,862789.0,3.0,2.5,1699.0,356.0,1987.0,0
100,95003,0,184,36.98263,-121.88697,851172.0,3.0,2.0,1698.0,108.0,1963.0,0
105,95003,0,713,36.97969,-121.90639,887747.0,3.0,2.5,1785.0,297.0,1999.0,0
107,95003,0,714,36.97974,-121.90635,887763.0,3.0,2.5,1785.0,207.0,1999.0,0
108,95003,0,715,36.98048,-121.90641,1193693.0,3.0,2.5,2498.0,253.0,1997.0,5
110,95003,0,716,36.98001,-121.90615,887861.0,3.0,2.5,1785.0,289.0,1999.0,0
111,95003,0,718,36.98016,-121.90618,889601.0,3.0,2.5,1785.0,202.0,1999.0,0
112,95003,0,719,36.98019,-121.90615,887876.0,3.0,2.5,1785.0,196.0,1998.0,0
115,95003,0,469,36.97778,-121.89323,908453.0,3.0,2.0,1688.0,421.0,1965.0,0
116,95003,0,538,36.9774,-121.89321,962420.0,4.0,2.5,2077.0,128.0,1973.0,0
120,95003,0,1075,37.03426,-121.86378,1392489.0,2.0,1.5,2589.0,232.0,1980.0,1
123,95003,0,1130,36.98261,-121.90992,1173434.0,3.0,2.0,2296.0,172.0,1963.0,5
124,95003,0,1132,36.98237,-121.90948,994732.0,3.0,2.5,1866.0,445.0,1961.0,0
131,95003,0,1133,36.98143,-121.9081,1034849.0,3.0,2.0,2024.0,383.0,1958.0,0
132,95003,0,1134,36.98125,-121.90848,783899.0,2.0,2.0,1334.0,225.0,1962.0,3
133,95003,0,595,36.987759999999994,-121.93113000000001,654536.0,2.0,2.0,1385.0,412.0,1987.0,3
145,95003,0,599,36.98812,-121.93163999999999,636976.0,2.0,2.0,1233.0,202.0,1984.0,3
146,95003,0,600,36.98816,-121.93194,665924.0,3.0,2.5,1725.0,256.0,1984.0,3
147,95003,0,602,36.98822,-121.93191999999999,665728.0,3.0,2.5,1725.0,266.0,1985.0,3
148,95003,0,603,36.98825,-121.93158999999999,635501.0,2.0,2.0,1233.0,353.0,1984.0,3
155,95003,0,608,36.98865,-121.93182,666942.0,3.0,2.5,1725.0,177.0,1984.0,3
157,95003,0,611,36.98896,-121.93167,646068.0,2.0,2.0,1233.0,418.0,1984.0,3
159,95003,0,612,36.9891,-121.93171000000001,666593.0,3.0,2.5,1725.0,252.0,1984.0,3
161,95003,0,613,36.98923,-121.93171000000001,666584.0,3.0,2.5,1725.0,253.0,1984.0,3
162,95003,0,617,36.9893,-121.93168999999999,646668.0,2.0,2.0,1230.0,175.0,1984.0,3
165,95003,0,619,36.98945,-121.93138,670576.0,2.0,2.5,1754.0,302.0,1984.0,3
167,95003,0,620,36.98956,-121.93168,670339.0,3.0,2.5,1605.0,293.0,1982.0,3
169,95003,0,622,36.98963,-121.93167,670564.0,3.0,2.5,1605.0,148.0,1982.0,3
170,95003,0,626,36.98964,-121.93133,687000.0,2.0,3.0,1754.0,392.0,1982.0,3
171,95003,0,627,36.98969,-121.93165,670594.0,3.0,2.5,1605.0,327.0,1982.0,3
172,95003,0,628,36.989709999999995,-121.93133999999999,643635.0,2.0,2.0,1084.0,112.0,1982.0,3
178,95003,0,631,36.98987,-121.93127,670373.0,3.0,2.5,1605.0,327.0,1982.0,3
180,95003,0,633,36.98984,-121.9312,670610.0,3.0,2.5,1605.0,237.0,1982.0,3
183,95003,0,637,36.98981,-121.93104,670429.0,3.0,2.5,1605.0,355.0,1982.0,3
185,95003,0,638,36.98979,-121.93096000000001,671034.0,3.0,2.5,1605.0,264.0,1982.0,3
187,95003,0,4,36.95839,-121.87511,1367978.0,4.0,2.0,2829.0,134.0,1982.0,1
188,95003,0,33,36.958690000000004,-121.87496000000002,1367069.0,3.0,2.5,2991.0,234.0,1981.0,1
189,95003,0,60,36.95906,-121.87475,1395196.0,4.0,3.0,3028.0,594.0,1981.0,1
190,95003,0,614,36.96718,-121.89178999999999,1036752.0,3.0,2.0,1594.0,210.0,1962.0,0
191,95003,0,623,36.966809999999995,-121.89181,1121657.0,3.0,2.0,2091.0,383.0,1979.0,5
199,95003,0,682,36.96712,-121.89096,918318.0,3.0,2.0,1304.0,161.0,1958.0,0
200,95003,0,689,36.96685,-121.89045,1222759.0,3.0,2.0,2370.0,194.0,1975.0,5
206,95003,0,706,36.96775,-121.89063999999999,913553.0,3.0,2.0,1320.0,189.0,1963.0,0
207,95003,0,710,36.96788,-121.89057,1050870.0,3.0,2.0,1790.0,313.0,1968.0,0
212,95003,0,725,36.96826,-121.89038000000001,914841.0,3.0,2.0,1451.0,482.0,1961.0,0
213,95003,0,726,36.968109999999996,-121.88977,969217.0,3.0,2.0,1695.0,342.0,1978.0,0
214,95003,0,727,36.96839,-121.89031999999999,922893.0,3.0,2.0,1508.0,332.0,1970.0,0
220,95003,0,598,36.9877,-121.93073999999999,835150.0,3.0,2.5,1634.0,404.0,2004.0,3
226,95003,0,607,36.988440000000004,-121.93056999999999,928492.0,3.0,2.5,1836.0,389.0,2004.0,0
229,95003,0,16,36.98982,-121.93045,681604.0,3.0,2.5,1558.0,417.0,2009.0,3
230,95003,0,19,36.99013,-121.93037,775559.0,3.0,2.5,1394.0,179.0,2009.0,3
231,95003,0,29,36.98982,-121.93037,675806.0,2.0,2.5,1104.0,199.0,2009.0,3
232,95003,0,34,36.9901,-121.93023000000001,872981.0,3.0,2.5,1525.0,419.0,2009.0,0
236,95003,0,61,36.99005,-121.93001000000001,782710.0,3.0,2.5,1377.0,181.0,2009.0,3
247,95003,0,131,36.9894,-121.93008,668719.0,2.0,2.5,1354.0,290.0,2012.0,3
248,95003,0,135,36.989540000000005,-121.93046000000001,886534.0,3.0,2.5,2025.0,259.0,2013.0,0
249,95003,0,140,36.989340000000006,-121.93008999999999,674360.0,3.0,2.5,1394.0,352.0,2012.0,3
251,95003,0,148,36.98922,-121.93008999999999,886325.0,3.0,2.5,1991.0,272.0,2012.0,0
252,95003,0,151,36.98938,-121.93046000000001,668721.0,2.0,2.5,1354.0,291.0,2013.0,3
254,95003,0,157,36.98932,-121.93048,911736.0,3.0,2.5,1866.0,199.0,2013.0,0
256,95003,0,160,36.98921,-121.93048999999999,865078.0,3.0,2.5,1866.0,280.0,2013.0,0
259,95003,0,174,36.9888,-121.93013,883866.0,3.0,2.5,1991.0,271.0,2013.0,0
260,95003,0,178,36.989090000000004,-121.93051000000001,886001.0,3.0,2.5,2025.0,251.0,2013.0,0
261,95003,0,180,36.98875,-121.9302,739862.0,2.0,2.5,1853.0,285.0,2013.0,3
262,95003,0,187,36.98871,-121.93023000000001,657238.0,2.0,2.0,1311.0,309.0,2013.0,3
263,95003,0,192,36.988659999999996,-121.93028000000001,856504.0,3.0,2.5,1843.0,288.0,2013.0,0
265,95003,0,205,36.988620000000004,-121.93047,884272.0,3.0,2.5,2025.0,268.0,2013.0,0
266,95003,0,213,36.98891,-121.9305,665214.0,2.0,2.5,1354.0,327.0,2013.0,3
267,95003,0,216,36.98863,-121.93055,706809.0,2.0,2.5,1354.0,244.0,2013.0,3
270,95003,0,342,36.97181,-121.89153,983280.0,3.0,2.0,1698.0,247.0,1998.0,0
272,95003,0,358,36.9717,-121.89171,1183100.0,4.0,2.5,2266.0,254.0,1998.0,5
276,95003,0,416,36.97149,-121.89206000000001,1182574.0,4.0,2.5,2230.0,215.0,1998.0,5
279,95003,0,458,36.97139,-121.89277,1183406.0,4.0,2.5,2292.0,183.0,1998.0,5
280,95003,0,470,36.97141,-121.89298000000001,1245187.0,4.0,3.0,2514.0,302.0,1999.0,5
281,95003,0,494,36.97188,-121.89296999999999,1183168.0,4.0,2.5,2246.0,309.0,1999.0,5
285,95003,0,508,36.972229999999996,-121.89298000000001,1183252.0,4.0,2.5,2251.0,181.0,1999.0,5
287,95003,0,513,36.9724,-121.89298000000001,1225872.0,4.0,2.5,2544.0,181.0,1999.0,5
289,95003,0,521,36.972559999999994,-121.89298000000001,1183104.0,4.0,2.5,2251.0,207.0,1999.0,5
290,95003,0,527,36.97273,-121.89296000000002,974386.0,3.0,2.0,1698.0,212.0,1999.0,0
292,95003,0,88,36.98363,-121.88377,840900.0,3.0,2.0,1777.0,132.0,1984.0,3
295,95003,0,459,36.9853,-121.88273000000001,983305.0,3.0,2.0,1784.0,457.0,1988.0,0
296,95003,0,532,36.98486,-121.88163999999999,976955.0,3.0,3.0,2096.0,281.0,1989.0,0
305,95003,0,373,36.965740000000004,-121.89385,1084432.0,3.0,2.0,1354.0,220.0,1975.0,5
307,95003,0,404,36.96617,-121.89407,1075930.0,3.0,2.0,1589.0,354.0,1973.0,5
308,95003,0,410,36.96602,-121.89347,1159457.0,3.0,2.0,1831.0,423.0,1973.0,5
311,95003,0,432,36.966229999999996,-121.89321000000001,1004648.0,3.0,2.0,1392.0,381.0,1964.0,0
317,95003,0,321,36.96246,-121.87848000000001,1203867.0,4.0,3.0,1939.0,157.0,1960.0,5
318,95003,0,359,36.96215,-121.87848999999999,1205438.0,3.0,3.0,2027.0,363.0,1961.0,5
319,95003,0,460,36.961859999999994,-121.87863999999999,1365392.0,4.0,3.0,3336.0,360.0,1969.0,1
322,95003,0,647,36.960879999999996,-121.87988,1152947.0,4.0,2.0,1800.0,258.0,1962.0,5
326,95003,0,1070,36.96074,-121.88965,1530736.0,3.0,2.0,1976.0,162.0,1974.0,1
330,95003,0,755,36.96548,-121.899,1268336.0,4.0,2.0,1838.0,598.0,1940.0,5
333,95003,0,585,36.97126,-121.89532,1002805.0,3.0,2.0,1629.0,488.0,1970.0,0
337,95003,0,565,36.979,-121.91481999999999,681479.0,3.0,1.5,1234.0,174.0,1983.0,3
340,95003,0,487,37.00227,-121.85261000000001,1458450.0,4.0,2.5,4032.0,127.0,1981.0,1
341,95003,0,762,37.003190000000004,-121.85144,851916.0,3.0,2.5,1820.0,191.0,1974.0,0
344,95003,0,108,36.97191,-121.89497,1211037.0,3.0,2.5,2328.0,430.0,1992.0,5
347,95003,0,197,36.99296,-121.85313000000001,1439081.0,4.0,3.5,3118.0,369.0,2003.0,1
350,95003,0,366,36.96881,-121.90063,1290722.0,2.0,2.5,1840.0,434.0,1960.0,5
352,95003,0,387,36.96861,-121.90035,1573443.0,3.0,3.0,2633.0,167.0,1966.0,1
358,95003,0,1050,36.984120000000004,-121.89934,860298.0,3.0,2.5,1999.0,169.0,1980.0,0
360,95003,0,1065,36.985659999999996,-121.89818000000001,986254.0,4.0,2.5,2125.0,391.0,2000.0,0
364,95003,0,293,36.948170000000005,-121.86635,1306570.0,4.0,3.5,2997.0,375.0,1990.0,1
365,95003,0,294,36.94807,-121.86665,1273182.0,3.0,2.5,2535.0,260.0,1988.0,5
371,95003,0,1033,36.98912,-121.93135,644220.0,2.0,2.0,1250.0,466.0,1984.0,3
374,95003,0,1036,36.989340000000006,-121.93108000000001,671238.0,2.0,2.5,1754.0,316.0,1982.0,3
380,95003,0,123,36.98639,-121.91793,1350571.0,3.0,3.5,2872.0,192.0,2004.0,1
381,95003,0,141,36.98636,-121.91847,968869.0,3.0,2.5,2060.0,271.0,2000.0,0
383,95003,0,269,36.98669,-121.91816000000001,1268176.0,4.0,3.5,2766.0,291.0,2002.0,5
387,95003,0,354,36.987190000000005,-121.91771000000001,1396156.0,3.0,3.5,2890.0,332.0,2000.0,1
394,95003,0,756,36.99532,-121.9299,1887446.0,4.0,3.5,3664.0,161.0,1985.0,2
395,95003,0,840,36.994679999999995,-121.93041000000001,1887386.0,4.0,2.5,3904.0,128.0,1983.0,2
396,95003,0,906,36.99388,-121.93096000000001,2305210.0,4.0,4.0,7256.0,345.0,2004.0,2
397,95003,0,203,36.949870000000004,-121.87475,1180171.0,3.0,3.5,2343.0,146.0,1979.0,5
398,95003,0,210,36.95003,-121.87456999999999,1100000.0,3.0,4.0,2880.0,382.0,1976.0,5
399,95003,0,212,36.95029,-121.87495,1297648.0,3.0,2.5,3240.0,242.0,1979.0,5
403,95003,0,229,36.94999,-121.87365,1143015.0,3.0,2.0,2171.0,150.0,1978.0,5
404,95003,0,230,36.95057,-121.87388,1207132.0,4.0,2.0,2375.0,154.0,1979.0,5
410,95003,0,241,36.95006,-121.87297,1205589.0,3.0,2.5,2394.0,164.0,1978.0,5
412,95003,0,248,36.949870000000004,-121.87268999999999,1421514.0,3.0,2.5,3034.0,147.0,1982.0,1
416,95003,0,261,36.94992,-121.8721,1343333.0,5.0,3.5,2965.0,283.0,1982.0,1
421,95003,0,281,36.949909999999996,-121.87114,1158510.0,3.0,2.0,2160.0,197.0,1981.0,5
423,95003,0,284,36.94948,-121.87093999999999,1191717.0,4.0,2.5,2673.0,179.0,1982.0,5
425,95003,0,303,36.94947,-121.8705,1182764.0,3.0,2.5,2192.0,138.0,1978.0,5
428,95003,0,305,36.94958,-121.87008,1193819.0,3.0,2.0,2479.0,302.0,1978.0,5
432,95003,0,13,36.95004,-121.86678,943834.0,3.0,1.5,1124.0,235.0,1989.0,0
433,95003,0,20,36.95001,-121.86683000000001,946305.0,3.0,1.5,1124.0,343.0,1988.0,0
435,95003,0,41,36.94995,-121.86697,982153.0,3.0,1.5,1118.0,240.0,1988.0,0
436,95003,0,62,36.94983,-121.8672,1074342.0,3.0,2.5,1584.0,363.0,1988.0,5
437,95003,0,70,36.94977,-121.86731999999999,1138399.0,2.0,3.0,1598.0,375.0,1988.0,5
439,95003,0,95,36.9496,-121.8677,1133509.0,3.0,2.5,1810.0,290.0,1988.0,5
441,95003,0,103,36.94955,-121.86826,1113285.0,2.0,3.0,1598.0,163.0,1988.0,5
443,95003,0,118,36.949329999999996,-121.8681,1145598.0,3.0,2.5,1810.0,185.0,1988.0,5
444,95003,0,161,36.949059999999996,-121.86736,1073586.0,3.0,2.5,1584.0,224.0,1988.0,5
447,95003,0,181,36.949529999999996,-121.8672,1184682.0,3.0,2.5,1810.0,232.0,1988.0,5
451,95003,0,193,36.94965,-121.86693999999999,1192380.0,3.0,2.5,1810.0,386.0,1988.0,5
454,95003,0,221,36.94955,-121.86653999999999,1138153.0,2.0,3.0,1598.0,371.0,1988.0,5
455,95003,0,226,36.949659999999994,-121.86646,1158628.0,3.0,2.5,1810.0,323.0,1988.0,5
458,95003,0,462,37.0005,-121.89766999999999,942087.0,3.0,1.5,1856.0,412.0,1971.0,0
459,95003,0,495,37.00053,-121.89856999999999,762438.0,3.0,2.0,1728.0,185.0,1991.0,3
465,95003,0,162,36.976490000000005,-121.91358000000001,1013634.0,3.0,2.5,1998.0,168.0,2013.0,0
477,95003,0,21,36.983129999999996,-121.89256,2166900.0,5.0,4.5,4354.0,198.0,1998.0,2
478,95003,0,45,36.97868,-121.87316000000001,866022.0,3.0,2.0,1618.0,155.0,1965.0,0
479,95003,0,591,36.97805,-121.87341,883749.0,3.0,2.0,1916.0,292.0,1965.0,0
480,95003,0,645,36.97846,-121.87301000000001,901759.0,3.0,2.5,2022.0,296.0,1988.0,0
481,95003,0,899,36.97821,-121.87286,1029443.0,3.0,2.5,2328.0,249.0,1978.0,0
482,95003,0,1193,36.9776,-121.8732,875139.0,4.0,2.0,1852.0,347.0,1977.0,0
483,95003,0,0,36.977579999999996,-121.87404,880910.0,3.0,2.5,1762.0,306.0,1977.0,0
489,95003,0,336,36.97653,-121.87276000000001,788902.0,3.0,2.0,1312.0,585.0,1971.0,3
492,95003,0,492,36.9767891,-121.87343510000001,870949.0,3.0,2.0,1718.0,413.0,1964.0,0
494,95003,0,524,36.977909999999994,-121.87248999999998,1210083.0,4.0,2.5,2674.0,299.0,2000.0,5
496,95003,0,542,36.97846,-121.87238,975419.0,3.0,3.0,2149.0,173.0,1966.0,0
498,95003,0,47,36.97339,-121.89761999999999,860619.0,3.0,1.5,1427.0,123.0,1999.0,0
499,95003,0,198,36.97379,-121.89773000000001,834658.0,3.0,2.5,1450.0,224.0,1999.0,3
500,95003,0,568,36.98343,-121.91458999999999,663625.0,2.0,2.5,1273.0,329.0,1981.0,3
510,95003,0,337,37.000609999999995,-121.85507,775833.0,3.0,2.5,1836.0,196.0,1978.0,3
520,95003,0,808,36.971,-121.88663999999999,821875.0,2.0,2.0,1496.0,321.0,1974.0,3
527,95003,0,942,36.96911,-121.88426000000001,794785.0,3.0,2.0,1535.0,146.0,1964.0,3
532,95003,0,953,36.968779999999995,-121.88395,810519.0,4.0,2.0,1415.0,325.0,1973.0,3
538,95003,0,963,36.968070000000004,-121.88393,995956.0,3.0,2.5,1861.0,416.0,1998.0,0
539,95003,0,964,36.96823,-121.88344,767996.0,3.0,2.0,1200.0,171.0,1977.0,3
546,95003,0,985,36.96768,-121.88292,1098933.0,3.0,3.0,1816.0,512.0,1959.0,5
548,95003,0,997,36.96743,-121.8824,965123.0,3.0,2.0,1920.0,167.0,1963.0,0
549,95003,0,1011,36.96735,-121.88225,1144493.0,4.0,3.0,1927.0,195.0,1960.0,5
550,95003,0,1018,36.967259999999996,-121.8821,977848.0,3.0,2.5,1839.0,133.0,1962.0,0
552,95003,0,1026,36.9668,-121.88166000000001,1053442.0,3.0,2.5,1902.0,237.0,1998.0,0
553,95003,0,1030,36.96662,-121.88181999999999,1236635.0,3.0,3.0,2393.0,196.0,1968.0,5
558,95003,0,1064,36.96548,-121.88178,919108.0,2.0,2.0,1107.0,194.0,1969.0,0
563,95003,0,1067,36.964529999999996,-121.88128,1359452.0,5.0,3.0,2312.0,281.0,1960.0,1
567,95003,0,1079,36.96428,-121.88049,1024211.0,3.0,2.0,1806.0,183.0,1960.0,0
575,95003,0,1101,36.96365,-121.87823,1120610.0,3.0,2.0,2149.0,291.0,1960.0,5
576,95003,0,1105,36.96332,-121.87884,1169306.0,3.0,3.0,2053.0,151.0,1975.0,5
580,95003,0,1115,36.963,-121.87847,1125778.0,3.0,2.0,2069.0,222.0,1959.0,5
582,95003,0,1118,36.96267,-121.87816000000001,1344661.0,5.0,3.5,2592.0,291.0,1972.0,1
584,95003,0,1122,36.96246,-121.87811,882051.0,3.0,2.0,1554.0,321.0,1959.0,0
592,95003,0,1175,36.96115,-121.87798000000001,1359104.0,3.0,2.5,2475.0,402.0,1997.0,1
593,95003,0,1179,36.961420000000004,-121.87848999999999,968278.0,2.0,2.0,1572.0,528.0,1961.0,0
598,95003,0,1199,36.960409999999996,-121.87913999999999,1049339.0,3.0,2.0,1476.0,398.0,1961.0,0
599,95003,0,1200,36.960029999999996,-121.87875,1205091.0,4.0,2.5,2298.0,112.0,1963.0,5
600,95003,0,1206,36.96024,-121.87931,1083486.0,3.0,2.0,1577.0,523.0,1974.0,5
601,95003,0,1207,36.959720000000004,-121.8792,1241199.0,4.0,3.5,1940.0,349.0,1963.0,5
602,95003,0,1209,36.96012,-121.87951000000001,1065331.0,3.0,2.0,1485.0,203.0,1976.0,0
603,95003,0,1213,36.96,-121.87973000000001,1202940.0,4.0,2.5,2126.0,416.0,1965.0,5
604,95003,0,1216,36.95961,-121.87943,1321183.0,3.0,3.0,2941.0,192.0,1963.0,1
607,95003,0,1,36.95975,-121.88022,1199209.0,3.0,2.0,1714.0,429.0,1961.0,5
613,95003,0,17,36.959379999999996,-121.8809,1100984.0,2.0,2.0,1680.0,387.0,1967.0,5
615,95003,0,27,36.958870000000005,-121.88077,1448219.0,4.0,4.0,3485.0,212.0,1971.0,1
617,95003,0,78,36.95787,-121.88165,2380031.0,5.0,6.0,3768.0,265.0,1971.0,2
619,95003,0,86,36.95754,-121.882,1949774.0,4.0,2.5,2762.0,148.0,1977.0,2
631,95003,0,163,36.975570000000005,-121.91657,1217387.0,2.0,1.5,1829.0,166.0,1973.0,5
633,95003,0,194,36.9759,-121.91684,1030492.0,3.0,2.0,1732.0,201.0,1986.0,0
639,95003,0,662,36.97388,-121.91348,1083775.0,3.0,2.5,1636.0,440.0,1984.0,5
643,95003,0,678,36.973620000000004,-121.91372,896216.0,4.0,2.0,1400.0,361.0,1950.0,0
647,95003,0,707,36.9731,-121.91421000000001,969070.0,3.0,2.0,1578.0,240.0,1950.0,0
649,95003,0,720,36.97343,-121.91462,859944.0,2.0,2.0,1188.0,319.0,1968.0,0
659,95003,0,771,36.97387,-121.91578999999999,868626.0,2.0,2.0,833.0,600.0,1940.0,0
663,95003,0,781,36.973890000000004,-121.91613999999998,878795.0,2.0,2.0,936.0,641.0,1924.0,0
667,95003,0,801,36.97448,-121.91661,970398.0,2.0,2.0,1444.0,686.0,1967.0,0
673,95003,0,1034,36.9886,-121.93141999999999,642725.0,2.0,2.0,1230.0,321.0,1984.0,3
675,95003,0,1035,36.98859,-121.93133999999999,643076.0,2.0,2.0,1238.0,412.0,1984.0,3
679,95003,0,1037,36.98857,-121.9311,641422.0,2.0,2.0,1233.0,207.0,1984.0,3
683,95003,0,346,36.9767985,-121.8881038,985226.0,3.0,3.0,1224.0,398.0,1975.0,0
684,95003,0,355,36.9768265,-121.88808390000001,840085.0,3.0,2.0,1224.0,400.0,1975.0,3
685,95003,0,367,36.97632,-121.88799999999999,880200.0,4.0,2.0,1554.0,483.0,1963.0,0
687,95003,0,388,36.97659,-121.88781999999999,877949.0,3.0,2.5,1528.0,266.0,1963.0,0
689,95003,0,411,36.97678,-121.88773,907981.0,3.0,2.0,1937.0,142.0,1963.0,0
690,95003,0,427,36.97728,-121.88832,887407.0,3.0,2.0,1600.0,172.0,1972.0,0
691,95003,0,433,36.97696,-121.8876,910224.0,3.0,2.0,1729.0,146.0,1963.0,0
703,95003,0,596,36.99064,-121.93198000000001,558107.0,2.0,2.0,918.0,131.0,1984.0,3
713,95003,0,650,36.99108,-121.93195,655771.0,2.0,2.5,1228.0,299.0,1985.0,3
716,95003,0,651,36.9912,-121.9315,893227.0,3.0,2.5,1926.0,309.0,2012.0,0
720,95003,0,652,36.99109,-121.93212,692921.0,2.0,2.5,1228.0,257.0,1984.0,3
721,95003,0,656,36.99167,-121.93145,896467.0,3.0,2.5,1926.0,309.0,2012.0,0
724,95003,0,657,36.9911,-121.93226000000001,720687.0,3.0,2.5,1516.0,310.0,1984.0,3
729,95003,0,667,36.99208,-121.93198000000001,1154143.0,3.0,2.5,2474.0,194.0,1997.0,5
731,95003,0,671,36.99253,-121.93139,1282764.0,4.0,3.0,2605.0,176.0,1997.0,5
734,95003,0,675,36.99303,-121.932,1328606.0,4.0,2.5,2894.0,340.0,1997.0,1
735,95003,0,677,36.99329,-121.9318,1443089.0,3.0,3.5,2884.0,416.0,1997.0,1
737,95003,0,687,36.99285,-121.93116,1371385.0,4.0,3.0,2899.0,317.0,1996.0,1
738,95003,0,688,36.993140000000004,-121.93116,1316689.0,3.0,2.5,2707.0,217.0,1997.0,1
739,95003,0,878,36.97493,-121.91718999999999,1985967.0,3.0,2.5,2285.0,394.0,1993.0,2
746,95003,0,982,37.002159999999996,-121.85941000000001,1736865.0,4.0,2.5,3972.0,175.0,1992.0,2
748,95003,0,1190,37.00488,-121.85785,2342574.0,6.0,5.5,5237.0,104.0,1996.0,2
752,95003,0,246,37.00248,-121.85715,985865.0,2.0,2.0,2007.0,383.0,1984.0,0
753,95003,0,262,37.00221,-121.85538999999999,1032304.0,4.0,2.0,2198.0,362.0,1975.0,0
758,95003,0,316,36.99907,-121.85566999999999,792203.0,2.0,2.0,1526.0,224.0,1968.0,3
759,95003,0,318,36.99875,-121.85663999999998,707863.0,2.0,2.0,1350.0,311.0,1987.0,3
763,95003,0,370,36.99773,-121.85525,753549.0,3.0,2.0,1817.0,247.0,1974.0,3
764,95003,0,371,36.99682,-121.85608,999923.0,3.0,2.0,1988.0,277.0,1971.0,0
765,95003,0,372,36.99711,-121.85491,728277.0,3.0,2.0,1437.0,125.0,1972.0,3
766,95003,0,381,36.99589,-121.85678999999999,783081.0,3.0,3.0,1746.0,196.0,1974.0,3
769,95003,0,431,36.99495,-121.85523,733698.0,3.0,2.0,1447.0,484.0,1963.0,3
771,95003,0,442,36.99504,-121.8571,1393660.0,3.0,2.5,3271.0,299.0,1976.0,1
773,95003,0,450,36.9944,-121.8548,722237.0,3.0,2.0,1355.0,487.0,1973.0,3
775,95003,0,124,36.97063,-121.90666999999999,1253629.0,3.0,3.0,1832.0,729.0,1962.0,5
777,95003,0,152,36.97085,-121.90648999999999,1566087.0,2.0,2.0,2144.0,354.0,1961.0,1
780,95003,0,254,36.97162,-121.90588999999999,1004208.0,3.0,2.5,1542.0,190.0,1984.0,0
781,95003,0,278,36.97172,-121.90581999999999,818225.0,2.0,2.0,1118.0,487.0,1966.0,3
784,95003,0,319,36.972390000000004,-121.90571000000001,790083.0,2.0,1.5,1088.0,827.0,1966.0,3
785,95003,0,1157,36.96715,-121.87511,1025643.0,3.0,2.5,1658.0,149.0,1979.0,0
787,95003,0,1162,36.96716,-121.87473,723914.0,3.0,1.5,1280.0,254.0,1979.0,3
789,95003,0,1164,36.966840000000005,-121.87404,928819.0,3.0,2.0,1871.0,476.0,1977.0,0
790,95003,0,1165,36.96719,-121.87427,1194187.0,3.0,2.5,2600.0,260.0,1976.0,5
793,95003,0,1169,36.967,-121.87311000000001,911339.0,3.0,2.0,1764.0,439.0,1976.0,0
795,95003,0,1172,36.9663,-121.87301000000001,1122789.0,3.0,3.0,1730.0,405.0,1977.0,5
797,95003,0,577,36.987120000000004,-121.93185,652232.0,2.0,2.0,1381.0,282.0,1987.0,3
798,95003,0,578,36.98715,-121.93213999999999,651360.0,2.0,2.0,1381.0,407.0,1987.0,3
800,95003,0,579,36.98722,-121.93213999999999,651477.0,2.0,2.0,1385.0,390.0,1987.0,3
805,95003,0,580,36.98761,-121.93188,664996.0,3.0,2.5,1725.0,123.0,1987.0,3
807,95003,0,581,36.9876,-121.93155,653746.0,2.0,2.0,1381.0,281.0,1987.0,3
810,95003,0,582,36.987559999999995,-121.93131000000001,657952.0,2.0,2.5,1385.0,285.0,1986.0,3
811,95003,0,583,36.98721,-121.93141999999999,666089.0,3.0,2.5,1750.0,138.0,1987.0,3
815,95003,0,584,36.987109999999994,-121.93132,654654.0,2.0,2.0,1381.0,434.0,1987.0,3
818,95003,0,882,36.96128,-121.8775,1256135.0,3.0,3.0,2264.0,149.0,1962.0,5
825,95003,0,930,36.96237,-121.87623,1459840.0,3.0,2.0,2478.0,280.0,1974.0,1
826,95003,0,932,36.96255,-121.87702,1377738.0,5.0,3.0,2860.0,143.0,1976.0,1
827,95003,0,933,36.962720000000004,-121.87635,1430786.0,3.0,2.5,3119.0,276.0,1962.0,1
829,95003,0,938,36.96307,-121.87636,1392004.0,3.0,3.5,2484.0,453.0,1971.0,1
832,95003,0,949,36.96347,-121.87647,1416566.0,3.0,2.5,3046.0,279.0,1987.0,1
836,95003,0,962,36.96419,-121.87781000000001,1309718.0,4.0,3.0,2782.0,193.0,1978.0,1
839,95003,0,965,36.96451,-121.87811,1265914.0,3.0,2.5,2310.0,303.0,1966.0,5
841,95003,0,967,36.96468,-121.87823,1456104.0,3.0,4.0,2928.0,349.0,1980.0,1
843,95003,0,970,36.96515,-121.87756999999999,1086888.0,3.0,2.0,1648.0,154.0,1962.0,5
845,95003,0,971,36.96529,-121.87848000000001,1254265.0,3.0,3.0,2512.0,452.0,1979.0,5
850,95003,0,974,36.966190000000005,-121.87773999999999,1530588.0,3.0,2.5,2436.0,117.0,2004.0,1
851,95003,0,975,36.966640000000005,-121.8783,1396274.0,4.0,2.5,3303.0,157.0,1980.0,1
860,95003,0,1083,36.986990000000006,-121.91662,1287322.0,3.0,2.5,2689.0,163.0,1989.0,5
861,95003,0,1085,36.987190000000005,-121.91605,987249.0,4.0,2.5,2147.0,162.0,1988.0,0
864,95003,0,1091,36.9867936,-121.9155503,1095485.0,3.0,2.5,2298.0,294.0,1988.0,5
865,95003,0,1093,36.98659,-121.91528000000001,985854.0,3.0,2.0,1890.0,193.0,1994.0,0
868,95003,0,132,36.99308,-121.91523000000001,981138.0,4.0,3.0,2309.0,396.0,1963.0,0
869,95003,0,136,36.99326,-121.91587,1199484.0,4.0,3.0,2577.0,407.0,1963.0,5
873,95003,0,539,36.99479,-121.9151,773630.0,3.0,2.0,1296.0,637.0,1963.0,3
874,95003,0,588,36.995290000000004,-121.91508,958061.0,5.0,2.5,2224.0,254.0,1964.0,0
876,95003,0,717,36.99584,-121.91503999999999,952062.0,5.0,2.5,2224.0,277.0,1964.0,0
877,95003,0,740,36.99603,-121.91503,977269.0,4.0,2.0,1876.0,181.0,1964.0,0
879,95003,0,758,36.996390000000005,-121.91498,1005846.0,5.0,2.5,2224.0,278.0,1964.0,0
880,95003,0,763,36.99661,-121.91546000000001,923345.0,4.0,2.5,2065.0,153.0,1964.0,0
881,95003,0,764,36.99657,-121.91496000000001,796809.0,3.0,2.0,1500.0,258.0,1963.0,3
882,95003,0,821,36.99719,-121.91538999999999,887327.0,3.0,2.0,1660.0,187.0,1964.0,0
884,95003,0,190,37.0032,-121.84652,1329380.0,5.0,3.0,2780.0,215.0,1988.0,1
885,95003,0,71,36.994957799999995,-121.85293999999999,934700.0,3.0,2.0,1954.0,174.0,1977.0,0
891,95003,0,615,36.99391,-121.86201000000001,777032.0,3.0,2.5,1930.0,166.0,1985.0,3
892,95003,0,648,36.99369,-121.86305,722119.0,3.0,2.0,1254.0,463.0,1973.0,3
894,95003,0,732,36.99337,-121.86206000000001,759006.0,3.0,2.0,1675.0,167.0,1971.0,3
895,95003,0,816,36.99261,-121.86169,759535.0,3.0,2.0,1642.0,143.0,1973.0,3
897,95003,0,828,36.99167,-121.86204,899452.0,3.0,2.5,1934.0,499.0,1979.0,0
901,95003,0,1060,36.99299,-121.85913000000001,1646007.0,5.0,2.0,3708.0,183.0,1962.0,1
903,95003,0,1141,36.99367,-121.85701,1428990.0,4.0,2.5,3474.0,249.0,1980.0,1
905,95003,0,1185,36.994209999999995,-121.85605,743190.0,3.0,2.0,1415.0,565.0,1862.0,3
907,95003,0,2,36.993990000000004,-121.85348,756263.0,3.0,2.5,1725.0,164.0,1976.0,3
908,95003,0,3,36.99455,-121.85333999999999,764369.0,3.0,2.0,1586.0,176.0,1964.0,3
909,95003,0,10,36.99385,-121.85252,961229.0,2.0,2.0,2052.0,258.0,1992.0,0
911,95003,0,26,36.994240000000005,-121.85223,1299681.0,4.0,2.5,2556.0,305.0,1999.0,5
917,95003,0,155,36.9952,-121.84743,782225.0,3.0,2.0,1972.0,140.0,1965.0,3
919,95003,0,217,36.99361,-121.84553000000001,1298050.0,4.0,2.0,2045.0,399.0,1978.0,5
920,95003,0,219,36.99518,-121.84456000000002,988532.0,4.0,2.5,2190.0,221.0,1979.0,0
921,95003,0,220,36.995779999999996,-121.84453,1262065.0,3.0,3.0,2751.0,213.0,1981.0,5
924,95003,0,237,36.99299,-121.84396000000001,1277095.0,4.0,2.5,2426.0,129.0,1972.0,5
926,95003,0,255,36.99057,-121.84358,1401872.0,4.0,2.0,2736.0,267.0,1982.0,1
928,95003,0,263,36.993190000000006,-121.84206999999999,1319480.0,3.0,2.0,2391.0,308.0,1905.0,1
929,95003,0,274,36.990970000000004,-121.84222,1076665.0,2.0,2.0,2212.0,174.0,1933.0,5
931,95003,0,285,36.99194,-121.84037,1378505.0,2.0,2.0,2668.0,274.0,1978.0,1
935,95003,0,311,36.99001,-121.84052,745002.0,3.0,2.0,1644.0,380.0,1973.0,3
937,95003,0,341,36.99077,-121.83726000000001,1900554.0,5.0,4.0,4248.0,166.0,1981.0,2
943,95003,0,116,36.99261,-121.84935,1150217.0,3.0,3.0,2384.0,343.0,1974.0,5
944,95003,0,119,36.99152,-121.84988999999999,759356.0,3.0,2.0,2670.0,284.0,1971.0,3
945,95003,0,122,36.992090000000005,-121.85038999999999,782248.0,3.0,1.5,1672.0,227.0,1973.0,3
951,95003,0,48,37.0008,-121.92933000000001,2129060.0,3.0,3.5,4829.0,611.0,1999.0,2
959,95003,0,139,36.95467,-121.87783,1819842.0,4.0,4.0,3611.0,216.0,1999.0,2
960,95003,0,146,36.95454,-121.8774,1190020.0,3.0,2.5,1862.0,460.0,1978.0,5
963,95003,0,167,36.9547,-121.87666000000002,1537433.0,3.0,3.0,2680.0,146.0,2005.0,1
966,95003,0,169,36.95485,-121.87643,1772986.0,2.0,2.5,2249.0,189.0,2006.0,2
968,95003,0,172,36.9546,-121.87576999999999,712966.0,3.0,2.0,1170.0,132.0,1973.0,3
971,95003,0,173,36.954440000000005,-121.87575,691046.0,3.0,2.0,1170.0,197.0,1973.0,3
973,95003,0,177,36.95499,-121.8762,1188857.0,3.0,2.5,1943.0,154.0,1976.0,5
975,95003,0,179,36.9548,-121.87558,632978.0,2.0,1.5,1215.0,147.0,1978.0,3
979,95003,0,186,36.95459,-121.87548999999999,631168.0,2.0,1.5,1215.0,370.0,1973.0,3
983,95003,0,188,36.9548,-121.87511,614616.0,2.0,1.5,945.0,386.0,1978.0,3
984,95003,0,189,36.95473,-121.87511,630741.0,2.0,1.5,1215.0,146.0,1972.0,3
985,95003,0,191,36.95467,-121.87503999999998,689540.0,3.0,2.0,1170.0,390.0,1973.0,3
994,95003,0,215,36.955009999999994,-121.87487,623690.0,2.0,1.5,945.0,550.0,1973.0,3
1002,95003,0,225,36.95485,-121.87435,627423.0,2.0,1.5,945.0,289.0,1973.0,3
1004,95003,0,228,36.95513,-121.87418000000001,766096.0,3.0,2.5,1440.0,118.0,1973.0,3
1005,95003,0,231,36.9551,-121.87409,618177.0,2.0,1.5,945.0,349.0,1973.0,3
1014,95003,0,238,36.955220000000004,-121.87392,618158.0,2.0,1.5,945.0,180.0,1973.0,3
1015,95003,0,240,36.95497,-121.87396000000001,618103.0,2.0,1.5,945.0,156.0,1973.0,3
1019,95003,0,247,36.95487,-121.87373999999998,620762.0,2.0,1.5,945.0,535.0,1973.0,3
1022,95003,0,252,36.955290000000005,-121.8733,789224.0,3.0,2.5,1440.0,360.0,1974.0,3
1024,95003,0,256,36.95517,-121.87301000000001,631517.0,2.0,1.5,1215.0,312.0,1974.0,3
1028,95003,0,266,36.95494,-121.87312,616372.0,2.0,1.5,945.0,169.0,1974.0,3
1029,95003,0,267,36.95495,-121.87302,765403.0,3.0,2.5,1440.0,142.0,1974.0,3
1031,95003,0,272,36.95478,-121.87159,1480920.0,4.0,2.5,2896.0,103.0,1999.0,1
1036,95003,0,277,36.95477,-121.87236000000001,608545.0,2.0,1.5,945.0,328.0,1974.0,3
1039,95003,0,280,36.95388,-121.87143999999999,1268406.0,4.0,4.0,2402.0,150.0,1974.0,5
1040,95003,0,282,36.954209999999996,-121.87098,1421958.0,4.0,2.5,2628.0,361.0,1982.0,1
1041,95003,0,315,36.95321,-121.8695,1417634.0,4.0,2.5,2816.0,131.0,1985.0,1
1044,95003,0,317,36.952740000000006,-121.86972,1431307.0,6.0,5.0,2592.0,410.0,1973.0,1
1048,95003,0,327,36.952459999999995,-121.86955,621402.0,2.0,1.5,945.0,336.0,1972.0,3
1049,95003,0,328,36.95243,-121.869,1291906.0,3.0,2.5,2480.0,302.0,1979.0,5
1050,95003,0,329,36.9523,-121.86956,1397638.0,4.0,2.0,3201.0,342.0,1978.0,1
1053,95003,0,344,36.951440000000005,-121.86976999999999,1215176.0,4.0,4.0,2420.0,183.0,1979.0,5
1055,95003,0,349,36.95118,-121.86928,1439617.0,6.0,6.0,2704.0,287.0,1981.0,1
1060,95003,0,377,36.950359999999996,-121.86948999999998,1181268.0,4.0,4.0,2720.0,125.0,1978.0,5
1061,95003,0,394,36.95012929999999,-121.86987959999999,1078638.0,3.0,2.0,1718.0,308.0,1980.0,5
1062,95003,0,401,36.950070000000004,-121.8694,1476153.0,4.0,3.5,2649.0,351.0,2001.0,1
1063,95003,0,413,36.94995,-121.86923,1129665.0,3.0,2.0,1852.0,461.0,1978.0,5
1065,95003,0,424,36.9497,-121.86896999999999,1116024.0,3.0,2.0,1816.0,343.0,1979.0,5
1068,95003,0,443,36.949290000000005,-121.86856,1217559.0,3.0,3.0,2739.0,235.0,1978.0,5
1073,95003,0,480,36.94795,-121.86816,1227435.0,4.0,2.5,2566.0,251.0,1984.0,5
1077,95003,0,604,36.9661,-121.89098,975101.0,3.0,2.0,1411.0,175.0,1976.0,0
1081,95003,0,653,36.96584,-121.89036000000002,971578.0,3.0,2.0,1056.0,251.0,1966.0,0
1085,95003,0,669,36.96545,-121.88989,983933.0,2.0,2.0,1304.0,249.0,1976.0,0
1089,95003,0,698,36.96488,-121.88953000000001,987330.0,3.0,2.0,1490.0,164.0,1979.0,0
1090,95003,0,702,36.965140000000005,-121.88921,1245052.0,3.0,3.0,2343.0,126.0,1965.0,5
1094,95003,0,772,36.97228,-121.8899,1218310.0,3.0,2.0,2248.0,120.0,1950.0,5
1097,95003,0,792,36.97222,-121.88878999999999,810791.0,2.0,2.0,1036.0,309.0,1971.0,3
1102,95003,0,182,36.97311,-121.89603999999999,1064082.0,3.0,2.0,2006.0,143.0,1967.0,0
1103,95003,0,199,36.97358,-121.89623999999999,1041620.0,2.0,2.0,1754.0,200.0,1970.0,0
1106,95003,0,517,36.99706,-121.85343,1394660.0,4.0,3.0,3180.0,366.0,1988.0,1
1107,95003,0,523,36.99816,-121.85302,1279126.0,4.0,3.0,2684.0,209.0,1988.0,5
1108,95003,0,544,36.998104100000006,-121.85321609999998,1803257.0,4.0,3.5,4602.0,135.0,1989.0,2
1113,95003,0,258,36.95625,-121.87318,1351375.0,2.0,2.5,2396.0,221.0,1985.0,1
1117,95003,0,338,36.95669,-121.87252,1422285.0,3.0,2.5,2821.0,248.0,1979.0,1
1120,95003,0,540,36.962790000000005,-121.88756000000001,1149644.0,3.0,2.5,2167.0,267.0,1986.0,5
1124,95003,0,546,36.962709999999994,-121.8879,1161369.0,3.0,3.0,1875.0,144.0,1984.0,5
1128,95003,0,554,36.96198,-121.88723999999999,1163977.0,3.0,3.0,1783.0,463.0,1986.0,5
1129,95003,0,558,36.96185,-121.88738000000001,1163299.0,3.0,2.5,2222.0,524.0,1986.0,5
1130,95003,0,559,36.96221,-121.88741999999999,1154443.0,3.0,2.0,1855.0,423.0,1986.0,5
1131,95003,0,563,36.96208,-121.88757,1149394.0,3.0,2.5,1935.0,144.0,1986.0,5
1140,95003,0,605,36.96348,-121.88858,1101468.0,3.0,2.5,1817.0,367.0,1987.0,5
1143,95003,0,7,36.96284,-121.88799999999999,1839416.0,3.0,3.0,2317.0,509.0,1984.0,2
1145,95003,0,22,36.96312,-121.88798999999999,1206184.0,4.0,3.0,2173.0,393.0,1984.0,5
1147,95003,0,737,36.98222,-121.90826000000001,1299925.0,4.0,3.0,2847.0,136.0,2002.0,5
1148,95003,0,739,36.98202,-121.90808999999999,770339.0,2.0,2.0,1360.0,456.0,1972.0,3
1150,95003,0,741,36.981640000000006,-121.90784,829859.0,2.0,2.0,1560.0,204.0,1967.0,3
1151,95003,0,746,36.9815,-121.90741000000001,1207161.0,3.0,2.5,2739.0,292.0,1995.0,5
1152,95003,0,747,36.9813,-121.90753000000001,1093226.0,3.0,2.5,2245.0,276.0,1974.0,5
1153,95003,0,748,36.98113,-121.90768,983655.0,3.0,2.0,1776.0,183.0,1985.0,0
1161,95003,0,57,36.97313,-121.90846,893420.0,3.0,2.0,1474.0,149.0,1958.0,0
1163,95003,0,65,36.97331,-121.90821000000001,1674825.0,3.0,3.0,2427.0,253.0,1989.0,1
1169,95003,0,1197,36.966029999999996,-121.87155,1209068.0,3.0,2.5,2615.0,380.0,1973.0,5
1172,95003,0,1205,36.96595,-121.87083,1232502.0,2.0,2.0,2564.0,148.0,1975.0,5
1176,95003,0,58,36.96715,-121.89866,1192245.0,3.0,2.0,2089.0,531.0,1974.0,5
1178,95003,0,379,36.968,-121.89846000000001,1205655.0,3.0,2.0,1930.0,202.0,1964.0,5
1179,95003,0,391,36.968109999999996,-121.89835,1245260.0,4.0,2.5,2250.0,161.0,1965.0,5
1181,95003,0,405,36.96821,-121.89823999999999,1007587.0,3.0,2.0,1494.0,303.0,1965.0,0
1183,95003,0,421,36.968090000000004,-121.89764,1247382.0,4.0,3.0,2083.0,470.0,1970.0,5
1186,95003,0,461,36.96891,-121.89752,1251638.0,3.0,2.0,1877.0,522.0,1940.0,5
1188,95003,0,434,36.991820000000004,-121.84573,1052422.0,3.0,3.0,2044.0,246.0,2009.0,0
1192,95003,0,891,36.97163,-121.88141999999999,799365.0,3.0,2.0,1272.0,539.0,1978.0,3
1199,95003,0,926,36.97103,-121.88022,837282.0,3.0,2.5,1443.0,392.0,1992.0,3
1202,95003,0,941,36.97039,-121.88043,957242.0,3.0,2.0,1902.0,226.0,1980.0,0
1203,95003,0,943,36.97044,-121.87988,1008230.0,4.0,2.0,1373.0,213.0,1959.0,0
1204,95003,0,950,36.97015,-121.87986000000001,991403.0,2.0,3.0,1778.0,314.0,1977.0,0
1209,95003,0,1025,36.97023,-121.87862,685250.0,2.0,1.5,952.0,503.0,1966.0,3
1212,95003,0,1043,36.96996,-121.87831000000001,763700.0,2.0,1.5,1414.0,431.0,1976.0,3
1215,95003,0,1097,36.96963,-121.87647,754296.0,3.0,2.0,1326.0,313.0,1966.0,3
1223,95003,0,1125,36.96942,-121.8756,886768.0,3.0,2.5,1818.0,251.0,1990.0,0
1228,95003,0,1136,36.968340000000005,-121.87466,660841.0,2.0,2.0,803.0,230.0,1978.0,3
1229,95003,0,1158,36.96886,-121.87468999999999,819327.0,3.0,2.0,1800.0,242.0,1978.0,3
1230,95003,0,1159,36.96894,-121.87449,731708.0,3.0,2.0,1248.0,260.0,1978.0,3
1235,95003,0,1173,36.96908,-121.87342,732666.0,3.0,2.0,1224.0,174.0,1976.0,3
1236,95003,0,1174,36.96894,-121.87306000000001,737040.0,3.0,2.0,1362.0,241.0,1975.0,3
1240,95003,0,1180,36.968090000000004,-121.87128,783079.0,2.0,2.0,1660.0,235.0,1963.0,3
1244,95003,0,1182,36.9677,-121.87185,893934.0,4.0,2.0,1803.0,269.0,1990.0,0
1245,95003,0,1183,36.9674,-121.87173999999999,661249.0,3.0,1.5,900.0,518.0,1963.0,3
1248,95003,0,156,36.969440000000006,-121.90523,818190.0,2.0,2.0,1112.0,378.0,1995.0,3
1250,95003,0,1138,36.98025,-121.92052,1288810.0,3.0,3.0,2786.0,135.0,1978.0,5
1252,95003,0,1142,36.98044,-121.92197,1193190.0,3.0,2.0,1926.0,156.0,1932.0,5
1262,95003,0,548,36.98448,-121.92158,897166.0,3.0,2.0,1624.0,262.0,1959.0,0
1263,95003,0,551,36.98474,-121.92177,816816.0,3.0,2.0,1368.0,435.0,1975.0,3
1264,95003,0,553,36.98473,-121.92268999999999,1299445.0,4.0,3.0,2853.0,161.0,1967.0,5
1268,95003,0,573,36.986340000000006,-121.9212,826985.0,3.0,2.0,1477.0,406.0,1970.0,3
1275,95003,0,483,36.96975,-121.89795,914967.0,3.0,2.0,1284.0,576.0,1956.0,0
1277,95003,0,929,36.98823,-121.83936000000001,763471.0,3.0,2.0,1648.0,221.0,1973.0,3
1280,95003,0,42,36.9715,-121.90655,892960.0,2.0,2.5,999.0,530.0,2000.0,0
1282,95003,0,339,36.96362,-121.8916,2007597.0,4.0,3.5,3360.0,152.0,2003.0,2
1283,95003,0,96,36.958709999999996,-121.8785,1293512.0,5.0,2.5,2772.0,245.0,1964.0,5
1291,95003,0,1020,36.98065,-121.9202,934151.0,4.0,3.0,1771.0,401.0,1973.0,0
1292,95003,0,959,37.001529999999995,-121.84244,1420507.0,3.0,3.0,3262.0,373.0,1988.0,1
1295,95003,0,235,36.98213,-121.89556,1301409.0,4.0,3.0,2825.0,494.0,1979.0,5
1296,95003,0,477,36.98298,-121.89418,1320161.0,3.0,2.5,2243.0,170.0,1988.0,1
1297,95003,0,832,36.98489,-121.89161000000001,1397689.0,4.0,2.0,2462.0,447.0,1982.0,1
1298,95003,0,392,36.98196,-121.88532,601735.0,2.0,1.5,1154.0,137.0,1979.0,3
1305,95003,0,283,36.98183,-121.9128,855539.0,3.0,2.0,1647.0,469.0,1999.0,0
1306,95003,0,299,36.98175,-121.91265,857051.0,3.0,2.0,1647.0,389.0,1999.0,0
1309,95003,0,396,36.98158,-121.91208,964435.0,3.0,2.5,1953.0,195.0,1999.0,0
1310,95003,0,455,36.98153,-121.91188999999999,965972.0,3.0,2.5,1957.0,399.0,1999.0,0
1312,95003,0,529,36.98167,-121.91111000000001,1003613.0,3.0,2.5,2045.0,186.0,1999.0,0
1313,95003,0,547,36.98187,-121.91103000000001,1001199.0,3.0,2.5,1953.0,101.0,1999.0,0
1314,95003,0,1059,36.9606,-121.88838,2033315.0,3.0,2.5,2218.0,392.0,1985.0,2
1321,95003,0,428,36.97068,-121.89963,1267345.0,2.0,2.5,1996.0,168.0,1966.0,5
1328,95003,0,466,36.9697,-121.90016999999999,2430839.0,5.0,4.0,3523.0,144.0,1972.0,2
1329,95003,0,471,36.9698,-121.89957,1267573.0,3.0,2.0,1940.0,344.0,1963.0,5
1331,95003,0,484,36.96937,-121.89958,1795928.0,3.0,4.0,2553.0,270.0,1996.0,2
1332,95003,0,488,36.96928,-121.90001000000001,1251456.0,3.0,2.5,2081.0,608.0,1973.0,5
1334,95003,0,624,36.97508,-121.91242,1191936.0,5.0,3.0,2108.0,449.0,1978.0,5
1336,95003,0,654,36.97481,-121.91288999999999,766893.0,2.0,1.5,805.0,503.0,1960.0,3
1340,95003,0,676,36.97486,-121.9134,1119060.0,3.0,2.5,1943.0,211.0,1996.0,5
1341,95003,0,679,36.97514,-121.91335,780917.0,2.0,1.5,888.0,736.0,1950.0,3
1342,95003,0,683,36.97487,-121.91356999999999,810730.0,2.0,2.0,1006.0,224.0,1960.0,3
1346,95003,0,721,36.97533,-121.91456000000001,773121.0,2.0,1.5,1190.0,672.0,1976.0,3
1348,95003,0,778,36.9755,-121.91512,1162394.0,2.0,3.0,1608.0,187.0,1994.0,5
1354,95003,0,794,36.97555,-121.91592,922107.0,3.0,2.0,1298.0,616.0,1971.0,0
1355,95003,0,796,36.97591,-121.91606000000002,1311055.0,3.0,2.5,1878.0,173.0,1987.0,1
1362,95003,0,813,36.97585,-121.91651999999999,1224452.0,4.0,2.5,2086.0,225.0,1957.0,5
1363,95003,0,815,36.97636,-121.91677,887785.0,3.0,2.0,1300.0,169.0,1971.0,0
1364,95003,0,289,36.99454,-121.92591000000002,1720532.0,3.0,3.0,3397.0,545.0,1981.0,2
1367,95003,0,998,37.00067,-121.91798,1470181.0,2.0,3.0,3030.0,619.0,1979.0,1
1371,95003,0,892,36.969429999999996,-121.88628,859329.0,3.0,2.0,1593.0,175.0,1975.0,0
1372,95003,0,894,36.96954,-121.88577,893293.0,3.0,2.5,1630.0,178.0,1942.0,0
1378,95003,0,918,36.9687,-121.88542,795052.0,3.0,2.0,1344.0,223.0,1962.0,3
1379,95003,0,923,36.968579999999996,-121.88532,794331.0,3.0,2.0,1288.0,202.0,1963.0,3
1380,95003,0,927,36.96886,-121.88502,782754.0,3.0,2.0,1200.0,233.0,1960.0,3
1383,95003,0,935,36.96862,-121.88478,782495.0,3.0,2.0,1331.0,479.0,1971.0,3
1384,95003,0,939,36.9685,-121.8847,1121363.0,3.0,3.0,1979.0,258.0,1979.0,5
1389,95003,0,957,36.96761,-121.88451,795956.0,2.0,2.0,1461.0,435.0,1971.0,3
1391,95003,0,89,36.98131,-121.87208999999999,875178.0,3.0,2.0,2026.0,215.0,1981.0,0
1395,95003,0,499,36.9819,-121.87128,1209083.0,4.0,3.0,2665.0,244.0,1968.0,5
1397,95003,0,1154,36.97566,-121.88245,984110.0,3.0,3.0,1752.0,134.0,1984.0,0
1398,95003,0,1203,36.97695,-121.88061,849005.0,3.0,2.0,1582.0,373.0,1960.0,0
1407,95003,0,382,36.97933,-121.87655,865709.0,3.0,2.5,1757.0,404.0,1963.0,0
1408,95003,0,383,36.979620000000004,-121.87766,894882.0,3.0,3.0,1897.0,159.0,1963.0,0
1411,95003,0,444,36.98049,-121.8758,886449.0,2.0,2.5,1687.0,191.0,1974.0,0
1417,95003,0,549,36.984609999999996,-121.87023,832009.0,2.0,2.0,1593.0,439.0,1977.0,3
1422,95003,0,66,36.95143,-121.87207,732686.0,3.0,2.0,1250.0,416.0,1978.0,3
1424,95003,0,223,36.95085,-121.8714,706194.0,2.0,1.5,1440.0,160.0,1981.0,3
1427,95003,0,239,36.95075,-121.87178,1192397.0,4.0,2.0,1990.0,142.0,1979.0,5
1429,95003,0,251,36.95074,-121.87206,1764026.0,4.0,4.5,2714.0,101.0,2009.0,2
1431,95003,0,279,36.95108,-121.87216000000001,922458.0,3.0,2.5,1844.0,139.0,1985.0,0
1434,95003,0,307,36.95081,-121.87231000000001,831508.0,3.0,2.5,1844.0,174.0,1981.0,3
1435,95003,0,309,36.951209999999996,-121.8721,838726.0,3.0,2.5,1844.0,133.0,1985.0,3
1440,95003,0,1170,36.97403,-121.86872,471926.0,2.0,2.0,1235.0,275.0,1999.0,3
1441,95003,0,1176,36.97396,-121.86859,452855.0,2.0,2.0,1080.0,118.0,2004.0,3
1443,95003,0,1181,36.97382,-121.86835,516743.0,4.0,2.0,1440.0,215.0,1990.0,3
1445,95003,0,1186,36.97378,-121.86887,505251.0,2.0,2.0,1344.0,391.0,2017.0,3
1447,95003,0,1189,36.97392,-121.86915,515496.0,3.0,2.0,1416.0,109.0,2005.0,3
1451,95003,0,1044,36.98533,-121.93281999999999,559661.0,2.0,2.0,1024.0,114.0,1982.0,3
1452,95003,0,1045,36.98531,-121.9317,667760.0,3.0,2.5,1731.0,260.0,1982.0,3
1453,95003,0,1046,36.98526,-121.93225,666123.0,3.0,2.5,1430.0,378.0,1988.0,3
1454,95003,0,1047,36.9852,-121.93222,660879.0,3.0,2.5,1430.0,419.0,1989.0,3
1455,95003,0,1048,36.98513,-121.93218999999999,654924.0,3.0,2.5,1430.0,395.0,1989.0,3
1460,95003,0,1049,36.9852,-121.93181000000001,661389.0,3.0,2.5,1430.0,295.0,1988.0,3
1461,95003,0,1051,36.98543,-121.93155,653592.0,2.0,2.0,1495.0,268.0,1982.0,3
1462,95003,0,1052,36.985440000000004,-121.93165,664963.0,2.0,1.5,1495.0,237.0,1982.0,3
1466,95003,0,1053,36.98551,-121.93226999999999,651449.0,2.0,2.0,1495.0,344.0,1982.0,3
1467,95003,0,1054,36.98552,-121.93236,651501.0,2.0,2.0,1495.0,120.0,1982.0,3
1470,95003,0,1006,36.98787,-121.93468,766055.0,4.0,1.5,1318.0,144.0,1989.0,3
1471,95003,0,1007,36.98772,-121.93468999999999,811352.0,3.0,2.5,1540.0,240.0,1989.0,3
1473,95003,0,1008,36.98796,-121.93427,791550.0,3.0,2.5,1406.0,198.0,1989.0,3
1475,95003,0,1009,36.98793,-121.93409,849685.0,4.0,2.5,1705.0,174.0,1989.0,0
1479,95003,0,1013,36.98788,-121.93373999999999,853074.0,4.0,2.5,1705.0,174.0,1989.0,0
1481,95003,0,343,36.97463,-121.87973000000001,832597.0,3.0,2.0,1700.0,335.0,1981.0,3
1482,95003,0,417,36.974790000000006,-121.87942,1059984.0,3.0,2.0,2386.0,158.0,1979.0,0
1484,95003,0,439,36.9745,-121.87915,1206845.0,3.0,2.5,2551.0,339.0,2004.0,5
1485,95003,0,456,36.97421,-121.87898,1198462.0,3.0,2.5,2536.0,355.0,2004.0,5
1490,95003,0,571,36.97413,-121.87844,1350000.0,4.0,3.0,3603.0,375.0,1996.0,1
1491,95003,0,575,36.973690000000005,-121.87818,1211623.0,4.0,2.5,2738.0,343.0,1991.0,5
1492,95003,0,680,36.97382,-121.87716,1170909.0,3.0,2.5,2481.0,119.0,1990.0,5
1493,95003,0,693,36.97364,-121.87666000000002,1353204.0,4.0,3.5,2383.0,151.0,1997.0,1
1495,95003,0,72,36.9898,-121.91221999999999,1142919.0,3.0,2.0,2309.0,161.0,1963.0,5
1498,95003,0,208,36.99358,-121.9152,969303.0,3.0,2.0,1820.0,327.0,1963.0,0
1499,95003,0,218,36.99324,-121.9147,983570.0,3.0,2.0,1844.0,412.0,1964.0,0
1501,95003,0,249,36.99409,-121.91288,1034045.0,4.0,2.0,1931.0,378.0,1977.0,0
1506,95003,0,276,36.99239,-121.91264,768930.0,3.0,2.0,1278.0,485.0,1962.0,3
1508,95003,0,445,36.967079999999996,-121.89436,992148.0,3.0,2.0,1360.0,195.0,1964.0,0
1510,95003,0,991,36.96517,-121.8807,884541.0,3.0,2.0,1319.0,182.0,1958.0,0
1514,95003,0,1139,36.98310479999999,-121.91516509999998,390000.0,3.0,2.0,1187.0,329.0,1998.0,3
1522,95003,0,295,37.00015,-121.85735,1158561.0,3.0,2.5,2383.0,147.0,1980.0,5
1525,95003,0,97,36.97704,-121.87463000000001,858022.0,2.0,1.5,1711.0,120.0,1971.0,0
1534,95003,0,769,36.96755,-121.88344,1000963.0,4.0,2.0,1882.0,128.0,1962.0,0
1539,95003,0,782,36.9673552,-121.88378600000001,824056.0,3.0,2.0,1517.0,171.0,1986.0,3
1543,95003,0,793,36.96691,-121.88425,884514.0,3.0,2.0,1726.0,359.0,1977.0,0
1546,95003,0,797,36.96674,-121.8847,1216887.0,3.0,3.0,2042.0,404.0,1962.0,5
1550,95003,0,817,36.96732,-121.88322,822653.0,2.0,2.0,1308.0,201.0,1940.0,3
1566,95003,0,848,36.9717,-121.88261000000001,815296.0,3.0,2.5,1352.0,133.0,1978.0,3
1568,95003,0,858,36.97135,-121.88188000000001,1059916.0,4.0,2.0,2464.0,253.0,1974.0,0
1569,95003,0,859,36.9711,-121.88185,801085.0,3.0,2.5,1351.0,148.0,1974.0,3
1570,95003,0,864,36.97079,-121.88201000000001,701662.0,2.0,1.5,1200.0,366.0,1975.0,3
1571,95003,0,865,36.97065,-121.88213,740914.0,2.0,2.0,1200.0,494.0,1974.0,3
1575,95003,0,890,36.970420000000004,-121.88135,1022438.0,3.0,2.5,2568.0,135.0,1967.0,0
1576,95003,0,895,36.97032,-121.88113,809002.0,2.0,2.0,1680.0,262.0,1968.0,3
1577,95003,0,988,36.96982,-121.88115,1216870.0,4.0,2.5,2356.0,278.0,1966.0,5
1578,95003,0,999,36.96976,-121.88063000000001,905123.0,3.0,2.5,1840.0,370.0,1985.0,0
1582,95003,0,1041,36.969609999999996,-121.87943,867214.0,3.0,2.5,1585.0,341.0,1993.0,0
1584,95003,0,1056,36.96918,-121.87881000000002,1266166.0,2.0,2.0,2235.0,163.0,1987.0,5
1585,95003,0,1058,36.96937,-121.87855,905001.0,2.0,2.0,1843.0,342.0,1978.0,0
1591,95003,0,1095,36.9683,-121.87749,955998.0,3.0,2.5,1904.0,125.0,1978.0,0
1592,95003,0,1098,36.968140000000005,-121.87751999999999,742954.0,2.0,2.0,1372.0,199.0,1971.0,3
1610,95003,0,1166,36.968070000000004,-121.87375,1180896.0,6.0,3.0,2616.0,183.0,1968.0,5
1611,95003,0,1167,36.96759,-121.87377,721968.0,3.0,1.5,1344.0,401.0,1984.0,3
1630,95003,0,109,36.97806,-121.8983,987195.0,3.0,2.5,2056.0,154.0,1993.0,0
1631,95003,0,120,36.97787,-121.89813999999998,1937194.0,4.0,3.5,2659.0,147.0,1994.0,2
1633,95003,0,158,36.97837,-121.89865,850139.0,3.0,2.0,1470.0,153.0,1988.0,0
1634,95003,0,206,36.97815,-121.89878,853002.0,3.0,2.0,1470.0,221.0,1988.0,0
1635,95003,0,609,36.96412,-121.88743000000001,1463115.0,3.0,3.0,2705.0,316.0,1983.0,1
1636,95003,0,634,36.96414,-121.88823000000001,1020551.0,3.0,2.0,1695.0,198.0,1986.0,0
1640,95003,0,660,36.964259999999996,-121.88897,947308.0,3.0,2.0,1547.0,246.0,1975.0,0
1646,95003,0,692,36.965090000000004,-121.88893999999999,1191220.0,3.0,2.0,1920.0,404.0,2005.0,5
1647,95003,0,694,36.96519,-121.88837,1138190.0,3.0,2.0,2061.0,328.0,1978.0,5
1649,95003,0,703,36.96537,-121.88898999999999,1100352.0,3.0,2.0,1812.0,147.0,1974.0,5
1653,95003,0,708,36.96578,-121.88904,943503.0,3.0,2.0,1264.0,204.0,1963.0,0
1654,95003,0,709,36.96587,-121.88848,989771.0,3.0,2.5,1714.0,321.0,1973.0,0
1659,95003,0,728,36.96651,-121.88902,896368.0,3.0,2.0,1224.0,421.0,1960.0,0
1660,95003,0,731,36.96655,-121.88851000000001,1192674.0,3.0,2.0,2224.0,144.0,1976.0,5
1661,95003,0,733,36.96674,-121.88853,915330.0,3.0,2.0,1718.0,175.0,1976.0,0
1662,95003,0,734,36.96683,-121.88892,903952.0,3.0,2.0,1625.0,362.0,1971.0,0
1664,95003,0,736,36.96712,-121.88841000000001,1333189.0,4.0,4.0,2475.0,158.0,1987.0,1
1666,95003,0,743,36.967459999999996,-121.88878000000001,892629.0,3.0,2.0,1405.0,552.0,1974.0,0
1667,95003,0,825,36.968779999999995,-121.88776000000001,1061599.0,3.0,2.5,2025.0,400.0,1961.0,0
1670,95003,0,837,36.969159999999995,-121.88753999999999,1239537.0,4.0,2.5,2885.0,163.0,1978.0,5
1673,95003,0,843,36.9695,-121.8874,815610.0,2.0,2.0,1150.0,677.0,1967.0,3
1675,95003,0,849,36.96973,-121.88718,830923.0,2.0,2.0,1447.0,236.0,1971.0,3
1677,95003,0,854,36.96993,-121.88689,932815.0,4.0,2.0,1650.0,333.0,1961.0,0
1679,95003,0,860,36.97009,-121.88635,828078.0,3.0,2.0,1496.0,157.0,1964.0,3
1680,95003,0,861,36.96983,-121.88606000000001,865120.0,3.0,2.0,1598.0,250.0,1963.0,0
1687,95003,0,1102,36.98386,-121.91673999999999,662782.0,2.0,2.5,1300.0,361.0,1985.0,3
1688,95003,0,1104,36.98387,-121.91678999999999,661475.0,2.0,2.5,1300.0,173.0,1986.0,3
1690,95003,0,1107,36.98388,-121.91703000000001,650315.0,3.0,1.5,1499.0,322.0,1985.0,3
1691,95003,0,1108,36.98425,-121.91698999999998,650221.0,3.0,2.0,1499.0,139.0,1985.0,3
1696,95003,0,1109,36.98426,-121.91718999999999,602477.0,2.0,1.5,1240.0,122.0,1987.0,3
1699,95003,0,1110,36.98427,-121.9173,657609.0,2.0,2.5,1280.0,272.0,1985.0,3
1711,95003,0,590,36.98454,-121.91673,573906.0,3.0,2.0,1084.0,268.0,2006.0,3
1712,95003,0,80,36.9697,-121.90531000000001,944541.0,3.0,2.0,1364.0,375.0,1970.0,0
1713,95003,0,142,36.96969,-121.90442,869240.0,2.0,2.5,1225.0,204.0,1983.0,0
1716,95003,0,632,36.98502,-121.91345,795048.0,2.0,2.0,1257.0,278.0,1950.0,3
1717,95003,0,340,36.98662,-121.87743,1972114.0,4.0,2.5,3949.0,296.0,1988.0,2
1719,95003,0,503,36.985620000000004,-121.8763,1262226.0,3.0,2.0,2088.0,397.0,1987.0,5
1724,95003,0,397,36.97209,-121.89862,1794354.0,3.0,3.0,2729.0,699.0,1935.0,2
1725,95003,0,418,36.97163,-121.89795,1176422.0,2.0,2.0,1872.0,321.0,1964.0,5
1726,95003,0,422,36.97168,-121.89845,1883955.0,3.0,3.0,3134.0,239.0,2017.0,2
1731,95003,0,463,36.97079,-121.89781,1001606.0,4.0,2.0,1525.0,357.0,1969.0,0
1732,95003,0,467,36.97076,-121.89833999999999,1219940.0,3.0,3.0,1679.0,261.0,1932.0,5
1733,95003,0,472,36.97121,-121.89785,1013189.0,3.0,2.0,1492.0,184.0,1964.0,0
1737,95003,0,639,36.970079999999996,-121.89736,892489.0,3.0,2.0,1237.0,493.0,1965.0,0
1745,95003,0,684,36.9690049,-121.8967754,997010.0,3.0,2.0,1566.0,145.0,1962.0,0
1748,95003,0,697,36.96909,-121.89671000000001,1016630.0,2.0,2.0,1592.0,367.0,1964.0,0
1749,95003,0,699,36.9684,-121.89703,1240804.0,4.0,3.0,2207.0,193.0,1997.0,5
1750,95003,0,704,36.968959999999996,-121.89663,948465.0,3.0,2.0,1288.0,186.0,1943.0,0
1753,95003,0,705,36.968579999999996,-121.89656000000001,1045746.0,3.0,2.0,1632.0,349.0,1957.0,0
1755,95003,0,776,36.96772,-121.89648999999999,1007285.0,3.0,2.0,1368.0,175.0,1960.0,0
1756,95003,0,779,36.96758,-121.89648999999999,1386184.0,2.0,3.0,1666.0,315.0,1960.0,1
1758,95003,0,49,36.9797,-121.90202,1202333.0,3.0,2.5,2677.0,306.0,2007.0,5
1759,95003,0,104,36.97947,-121.90208999999999,1230215.0,3.0,2.5,2810.0,391.0,2007.0,5
1767,95003,0,90,36.981190000000005,-121.90205,887625.0,3.0,1.5,1655.0,180.0,1981.0,0
1769,95003,0,153,36.9802,-121.90226000000001,1061897.0,3.0,2.5,2328.0,158.0,1991.0,0
1770,95003,0,73,36.986540000000005,-121.86062,754174.0,3.0,2.0,1568.0,614.0,2009.0,3
1771,95003,0,570,36.98827,-121.86081000000001,1425232.0,4.0,2.5,3449.0,128.0,1976.0,1
1776,95003,0,876,36.99075,-121.85863,1276192.0,5.0,3.0,2860.0,255.0,1982.0,5
1778,95003,0,947,36.99118,-121.85833999999998,1413494.0,4.0,4.5,3169.0,303.0,1978.0,1
1779,95003,0,960,36.99153,-121.85781999999999,1093344.0,3.0,3.0,2508.0,289.0,1976.0,5
1781,95003,0,983,36.99004,-121.93498000000001,889532.0,4.0,2.0,1701.0,220.0,1997.0,0
1782,95003,0,984,36.99051,-121.9348,1250694.0,4.0,3.0,2504.0,351.0,1982.0,5
1783,95003,0,987,36.99015,-121.93466000000001,962510.0,4.0,2.5,1925.0,314.0,1998.0,0
1786,95003,0,630,36.99091,-121.93457,1250393.0,5.0,3.0,2800.0,101.0,1976.0,5
1789,95003,0,658,36.99171,-121.93373999999999,936398.0,3.0,2.5,1831.0,142.0,1981.0,0
1790,95003,0,666,36.99261,-121.93366,957101.0,4.0,3.0,2018.0,382.0,1983.0,0
1797,95003,0,232,36.9973,-121.85925,747565.0,3.0,2.0,1259.0,377.0,1972.0,3
1799,95003,0,324,37.00062,-121.8455,1430254.0,4.0,2.5,3606.0,403.0,1989.0,1
1801,95003,0,533,37.00135,-121.84483999999999,2248450.0,4.0,4.0,4947.0,399.0,2000.0,2
1804,95003,0,810,36.99966,-121.84951000000001,1248005.0,3.0,3.0,2690.0,316.0,1988.0,5
1807,95003,0,1042,37.00185,-121.84669,1868582.0,4.0,4.0,4527.0,398.0,1990.0,2
1809,95003,0,1177,37.00394,-121.84629,1401839.0,3.0,2.5,3324.0,233.0,1989.0,1
1810,95003,0,1178,37.0042,-121.8476,2144983.0,5.0,4.0,5144.0,105.0,2004.0,2
1812,95003,0,1196,37.00462,-121.84563,2271861.0,5.0,5.0,6209.0,159.0,1989.0,2
1814,95003,0,493,36.972359999999995,-121.89397,1022412.0,3.0,2.0,1852.0,197.0,1974.0,0
1816,95003,0,550,36.97215,-121.89347,1000445.0,3.0,2.0,1788.0,355.0,1976.0,0
1817,95003,0,586,36.97152,-121.89338000000001,1067645.0,4.0,2.0,2126.0,139.0,1975.0,5
1818,95003,0,606,36.97129,-121.89336999999999,971505.0,3.0,2.0,1564.0,178.0,1975.0,0
1822,95003,0,730,36.993140000000004,-121.93313,2013816.0,4.0,3.0,5123.0,133.0,2012.0,2
1823,95003,0,738,36.99419,-121.93238000000001,1471757.0,4.0,3.5,2626.0,308.0,2005.0,1
1825,95003,0,1078,36.987829999999995,-121.9178,1091217.0,4.0,2.5,2282.0,274.0,1976.0,5
1827,95003,0,1080,36.987970000000004,-121.9171,2092420.0,5.0,3.5,4666.0,285.0,2015.0,2
1828,95003,0,1076,36.988,-121.91758,1278314.0,2.0,2.5,2630.0,257.0,1972.0,5
1831,95003,0,1081,36.98835,-121.91641000000001,1184813.0,3.0,3.0,2631.0,454.0,1964.0,5
1836,95003,0,1088,36.9875,-121.91582,1103549.0,3.0,2.0,2235.0,271.0,1957.0,5
1842,95003,0,1096,36.986740000000005,-121.9144,1474324.0,4.0,3.0,3384.0,315.0,1940.0,1
1844,95003,0,1099,36.986470000000004,-121.9138,1036673.0,3.0,2.0,1917.0,631.0,1979.0,0
1846,95003,0,1112,36.98642,-121.91257,1128047.0,4.0,3.0,2498.0,305.0,1986.0,5
1847,95003,0,1114,36.98653,-121.91198999999999,1230479.0,3.0,2.5,2499.0,353.0,1979.0,5
1849,95003,0,1117,36.985820000000004,-121.91225,798842.0,3.0,2.0,1310.0,523.0,1955.0,3
1851,95003,0,1120,36.98573,-121.91111000000001,1096711.0,3.0,1.5,1936.0,232.0,1950.0,5
1854,95003,0,1121,36.985929999999996,-121.91082,1155471.0,3.0,2.0,2078.0,111.0,1949.0,5
1856,95003,0,1123,36.985409999999995,-121.91051000000002,1112906.0,3.0,2.5,2062.0,138.0,1980.0,5
1866,95003,0,1126,36.98335,-121.90851,988625.0,2.0,3.0,2193.0,148.0,1964.0,0
1868,95003,0,1208,37.002790000000005,-121.90841999999999,1409038.0,3.0,2.0,2453.0,205.0,1977.0,1
1881,95003,0,921,36.97554,-121.91838,1384758.0,4.0,2.0,2353.0,280.0,1966.0,1
1887,95003,0,952,36.976929999999996,-121.91938,913561.0,3.0,2.0,1080.0,200.0,1963.0,0
1891,95003,0,989,36.97661,-121.9201,1022070.0,3.0,2.0,1708.0,423.0,1974.0,0
1892,95003,0,992,36.97705,-121.9203,1064035.0,2.0,2.0,1663.0,114.0,1950.0,0
1895,95003,0,1000,36.97672,-121.92045,1059009.0,3.0,2.5,1606.0,414.0,1978.0,0
1899,95003,0,1021,36.977,-121.92088000000001,1220454.0,3.0,2.5,1943.0,199.0,1988.0,5
1901,95003,0,1029,36.97736,-121.9215,1251414.0,3.0,2.5,2142.0,180.0,2003.0,5
1915,95003,0,1103,36.9827,-121.91725,796966.0,4.0,2.0,1305.0,268.0,1963.0,3
1918,95003,0,360,36.96496,-121.89306,999091.0,2.0,1.5,1215.0,444.0,1977.0,0
1919,95003,0,368,36.96464,-121.89273999999999,1171212.0,3.0,2.0,1493.0,435.0,1947.0,5
1920,95003,0,398,36.96497,-121.8923,1151271.0,3.0,2.0,1814.0,193.0,1980.0,5
1921,95003,0,406,36.965270000000004,-121.8926,1161913.0,3.0,2.0,1648.0,195.0,1964.0,5
1925,95003,0,1201,36.97525,-121.88288,1008255.0,3.0,2.0,1902.0,268.0,1928.0,0
1934,95003,0,1210,36.975629999999995,-121.88016,1221022.0,5.0,3.0,2690.0,199.0,1966.0,5
1935,95003,0,1211,36.97573,-121.8799,877814.0,3.0,2.0,2112.0,289.0,1970.0,0
1938,95003,0,1214,36.97531,-121.87825,882076.0,3.0,2.0,2188.0,443.0,1978.0,0
1940,95003,0,1215,36.97572,-121.87753000000001,907778.0,3.0,2.0,2049.0,354.0,1986.0,0
1943,95003,0,1219,36.97596,-121.87678999999999,1194540.0,4.0,2.0,2414.0,124.0,1978.0,5
1948,95003,0,1220,36.97374,-121.87483999999999,736689.0,2.0,2.0,1254.0,518.0,1977.0,3
1949,95003,0,1221,36.97253,-121.87477,985026.0,4.0,3.0,2145.0,236.0,1975.0,0
1950,95003,0,1222,36.97309,-121.87531000000001,751745.0,3.0,2.0,1199.0,150.0,1975.0,3
1957,95003,0,287,36.977759999999996,-121.89146000000001,903457.0,3.0,2.5,1591.0,358.0,2001.0,0
1960,95003,0,322,36.97798,-121.89106000000001,846681.0,3.0,2.0,1351.0,526.0,1964.0,0
1961,95003,0,325,36.97763,-121.89078,894267.0,3.0,2.0,1749.0,147.0,1972.0,0
1964,95003,0,380,36.9784,-121.89026000000001,866466.0,3.0,2.0,1519.0,346.0,1961.0,0
1973,95003,0,485,36.97916,-121.88905,1014763.0,5.0,3.0,2346.0,192.0,1963.0,0
1974,95003,0,489,36.97883,-121.88876,852632.0,3.0,2.0,1406.0,320.0,1963.0,0
1976,95003,0,504,36.97907,-121.8883,852577.0,4.0,2.0,1430.0,303.0,1963.0,0
1979,95003,0,811,36.9724,-121.88699,1047261.0,4.0,2.0,1921.0,284.0,1965.0,0
1983,95003,0,822,36.97173,-121.88646000000001,798514.0,3.0,2.0,1184.0,494.0,1963.0,3
1986,95003,0,830,36.97182,-121.88582,859051.0,3.0,2.0,1590.0,362.0,1975.0,0
1989,95003,0,838,36.97113,-121.8857,890565.0,3.0,2.5,1738.0,262.0,1966.0,0
1995,95003,0,850,36.97068,-121.88529,799397.0,2.0,2.0,1470.0,173.0,1963.0,3
1996,95003,0,852,36.97104,-121.88502,776088.0,3.0,2.0,1213.0,411.0,1973.0,3
1997,95003,0,855,36.970909999999996,-121.88492,883776.0,3.0,2.0,1802.0,401.0,1973.0,0
2000,95003,0,857,36.97036,-121.88498,1070752.0,3.0,3.0,2108.0,109.0,1963.0,5
2003,95003,0,862,36.97014,-121.88478,1140513.0,4.0,3.0,1705.0,372.0,1965.0,5
2005,95003,0,863,36.97003,-121.88468,995630.0,3.0,2.5,1976.0,172.0,1978.0,0
2006,95003,0,866,36.97011,-121.88421000000001,871755.0,3.0,2.0,1728.0,263.0,1974.0,0
2008,95003,0,885,36.96975,-121.88386000000001,778428.0,3.0,2.0,1320.0,182.0,1971.0,3
2011,95003,0,896,36.96949,-121.88361,773850.0,3.0,2.0,1196.0,305.0,1968.0,3
2012,95003,0,902,36.96927,-121.88398000000001,879712.0,3.0,2.5,1680.0,208.0,1967.0,0
2013,95003,0,912,36.96905,-121.88378,916687.0,3.0,2.0,1865.0,448.0,1984.0,0
2015,95003,0,915,36.96894,-121.88368,869281.0,3.0,2.0,1743.0,187.0,1966.0,0
2016,95003,0,916,36.968959999999996,-121.88311000000002,787045.0,2.0,2.0,1398.0,178.0,1965.0,3
2017,95003,0,919,36.96883,-121.88356999999999,1186578.0,4.0,2.5,2340.0,145.0,1966.0,5
2019,95003,0,924,36.968720000000005,-121.88346999999999,927231.0,4.0,2.0,1820.0,136.0,1966.0,0
2023,95003,0,1040,36.99272,-121.93064,1554349.0,3.0,3.5,3333.0,228.0,1997.0,1
2024,95003,0,672,36.9774,-121.88481999999999,830726.0,3.0,2.0,1260.0,172.0,1977.0,3
2026,95003,0,846,36.97312,-121.86996,531669.0,3.0,2.0,1344.0,223.0,1988.0,3
2028,95003,0,986,36.96972,-121.87616000000001,771056.0,3.0,2.0,1557.0,145.0,1990.0,3
2029,95003,0,990,36.96991,-121.87613,792913.0,2.0,2.0,1703.0,109.0,1979.0,3
2030,95003,0,994,36.97006,-121.87606000000001,710564.0,2.0,2.0,1112.0,202.0,1974.0,3
2031,95003,0,995,36.969590000000004,-121.87558,739540.0,3.0,2.0,1291.0,510.0,1974.0,3
2032,95003,0,1001,36.97033,-121.87584,733869.0,2.0,2.0,1148.0,182.0,1934.0,3
2034,95003,0,74,36.979501,-121.92953329999999,1020971.0,3.0,3.0,2111.0,148.0,1973.0,0
2039,95003,0,425,37.00695,-121.90021999999999,1421799.0,4.0,2.0,2636.0,281.0,1994.0,1
2040,95003,0,430,37.00544,-121.90028999999998,857824.0,2.0,2.0,1682.0,279.0,1989.0,0
2042,95003,0,453,37.005829999999996,-121.90002,1271419.0,3.0,3.5,2740.0,323.0,1966.0,5
2044,95003,0,481,37.00866,-121.89738,1464227.0,4.0,2.5,2671.0,180.0,1976.0,1
2049,95003,0,100,36.99853,-121.85063000000001,1237230.0,4.0,3.0,2600.0,204.0,1988.0,5
2051,95003,0,105,36.9832,-121.88167,927907.0,3.0,2.5,2227.0,336.0,1979.0,0
2054,95003,0,290,36.98368,-121.8811,603766.0,2.0,1.5,1007.0,521.0,1983.0,3
2056,95003,0,515,36.98383,-121.87991000000001,808188.0,3.0,2.0,1824.0,252.0,1982.0,3
2057,95003,0,525,36.98418,-121.87988,822198.0,2.0,2.5,1502.0,306.0,1990.0,3
2059,95003,0,399,36.9753,-121.90693,889113.0,4.0,2.0,1450.0,488.0,1948.0,0
2061,95003,0,429,36.97493,-121.90713999999998,819632.0,3.0,1.5,1080.0,675.0,1964.0,3
2063,95003,0,446,36.974920000000004,-121.90728,963205.0,3.0,2.5,1585.0,170.0,1984.0,0
2067,95003,0,482,36.97524,-121.90817,800701.0,2.0,1.5,1127.0,185.0,1943.0,3
2078,95003,0,516,36.97517,-121.90975,1245701.0,3.0,3.0,1891.0,347.0,2018.0,5
2087,95003,0,1131,37.00741,-121.91791,1413883.0,4.0,3.0,2474.0,127.0,2005.0,1
2088,95003,0,1144,37.00636,-121.91842,2018090.0,3.0,3.0,4879.0,133.0,2012.0,2
2089,95003,0,87,36.99564,-121.8301,1128767.0,3.0,2.0,2490.0,171.0,1968.0,5
2092,95003,0,498,36.99729,-121.82862,970007.0,4.0,3.0,1981.0,356.0,1967.0,0
2093,95003,0,646,36.9985,-121.82795,1223377.0,3.0,3.0,2604.0,204.0,1985.0,5
2098,95003,0,361,36.978390000000005,-121.91995,840504.0,2.0,2.0,1039.0,308.0,1948.0,3
2103,95003,0,1127,36.97718,-121.92523999999999,3211485.0,3.0,4.0,3332.0,118.0,1942.0,4
2105,95003,0,1129,36.977540000000005,-121.92475,942212.0,3.0,2.0,1341.0,231.0,1968.0,0
2107,95003,0,1113,36.97965,-121.8956,1064290.0,3.0,2.0,2244.0,221.0,1978.0,0
2110,95003,0,1217,36.98146,-121.89261,1996136.0,4.0,3.5,3661.0,341.0,2000.0,2
2117,95003,0,314,36.98718,-121.85213999999999,760858.0,3.0,2.0,1488.0,531.0,1997.0,3
2119,95003,0,451,36.98995,-121.85217,1110621.0,2.0,2.0,1892.0,123.0,2000.0,5
2121,95003,0,572,37.010329999999996,-121.89866,781026.0,3.0,2.0,1884.0,146.0,1986.0,3
2122,95003,0,589,37.01062,-121.90063,1294921.0,3.0,3.0,2493.0,149.0,1992.0,5
2126,95003,0,616,36.9673,-121.89178999999999,922867.0,2.0,2.0,1120.0,545.0,1963.0,0
2127,95003,0,625,36.96733,-121.89126,1127550.0,3.0,2.5,1919.0,261.0,1977.0,5
2128,95003,0,635,36.96751,-121.89132,1094718.0,4.0,2.0,1924.0,468.0,1974.0,5
2129,95003,0,640,36.96748,-121.89176,1276262.0,4.0,2.5,2695.0,178.0,2005.0,5
2130,95003,0,663,36.96785,-121.89102,920869.0,2.0,2.0,1321.0,177.0,1968.0,0
2135,95003,0,700,36.968579999999996,-121.89057,904923.0,3.0,2.0,1312.0,431.0,1965.0,0
2146,95003,0,806,36.97045,-121.89013,1260055.0,4.0,3.5,2337.0,128.0,1964.0,5
2149,95003,0,818,36.97099,-121.88998000000001,1175374.0,3.0,3.0,2147.0,512.0,1959.0,5
2151,95003,0,826,36.97116,-121.89013999999999,981216.0,3.0,2.0,1593.0,151.0,1951.0,0
2153,95003,0,831,36.9713,-121.89093999999999,1022868.0,3.0,2.5,1828.0,394.0,1971.0,0
2154,95003,0,833,36.971579999999996,-121.89053999999999,894241.0,2.0,2.0,1440.0,375.0,1963.0,0
2157,95003,0,75,36.95852,-121.88553,826471.0,2.0,2.0,1289.0,334.0,1969.0,3
2166,95003,0,664,36.97405,-121.91412,929121.0,3.0,2.0,1644.0,429.0,1965.0,0
2169,95003,0,670,36.973729999999996,-121.91395,882965.0,3.0,2.0,1344.0,179.0,1974.0,0
2170,95003,0,673,36.9739,-121.91433,1021176.0,3.0,2.5,1520.0,457.0,1950.0,0
2182,95003,0,787,36.97449,-121.91611999999999,909376.0,2.0,2.0,1527.0,215.0,1974.0,0
2187,95003,0,805,36.975,-121.9166,882431.0,3.0,2.0,1273.0,200.0,1976.0,0
2188,95003,0,23,36.95778,-121.8841,818895.0,2.0,2.0,1189.0,517.0,1968.0,3
2191,95003,0,91,36.95794,-121.88455,1042946.0,4.0,2.5,2079.0,164.0,1969.0,0
2192,95003,0,110,36.95763,-121.88435,825852.0,3.0,2.0,1289.0,422.0,1968.0,3
2193,95003,0,125,36.95787,-121.88463999999999,807055.0,2.0,2.0,1164.0,186.0,1969.0,3
2194,95003,0,164,36.95779,-121.88474,819467.0,2.0,2.0,1094.0,258.0,1969.0,3
2198,95003,0,200,36.99009,-121.91723999999999,1972093.0,4.0,3.5,3905.0,242.0,1980.0,2
2204,95003,0,137,37.03917,-121.85023000000001,1008588.0,3.0,3.0,2171.0,225.0,1988.0,0
2209,95003,0,874,36.956959999999995,-121.87375,1269407.0,3.0,2.0,2469.0,214.0,1977.0,5
2210,95003,0,900,36.95709,-121.87353,1148936.0,3.0,2.0,1802.0,203.0,1974.0,5
2216,95003,0,165,36.95578,-121.87653999999999,1199062.0,3.0,2.0,2265.0,196.0,1973.0,5
2217,95003,0,183,36.95537,-121.87626000000002,1391749.0,3.0,2.5,2819.0,128.0,1975.0,1
2222,95003,0,407,36.955,-121.87768999999999,1294411.0,4.0,2.5,2278.0,153.0,1970.0,5
2223,95003,0,447,36.95515,-121.8779,1968705.0,5.0,3.5,4423.0,112.0,1967.0,2
2226,95003,0,509,36.95568,-121.87789,1363968.0,4.0,2.5,2473.0,154.0,1968.0,1
2228,95003,0,566,36.95613,-121.87783,1191668.0,3.0,2.5,2036.0,160.0,1977.0,5
2230,95003,0,674,36.95655,-121.87733999999999,1201552.0,4.0,2.5,2040.0,217.0,1967.0,5
2231,95003,0,744,36.9569,-121.87795,1195663.0,3.0,2.5,2129.0,195.0,1968.0,5
2232,95003,0,759,36.95705,-121.87815,1258562.0,4.0,2.5,2315.0,312.0,1965.0,5
2237,95003,0,24,36.95632,-121.87637,1195242.0,3.0,2.5,2030.0,167.0,1966.0,5
2242,95003,0,378,36.95098,-121.8688,732947.0,3.0,2.0,1344.0,190.0,1985.0,3
2245,95003,0,384,36.950829999999996,-121.86863999999998,747107.0,3.0,2.5,1352.0,329.0,1983.0,3
2249,95003,0,390,36.9506,-121.86856,691359.0,2.0,2.0,1334.0,276.0,1980.0,3
2252,95003,0,395,36.95045,-121.86841000000001,689430.0,2.0,2.0,1335.0,428.0,1981.0,3
2254,95003,0,402,36.950359999999996,-121.86828999999999,685000.0,2.0,2.0,1450.0,472.0,1979.0,3
2258,95003,0,414,36.9498,-121.86851000000001,745503.0,3.0,1.5,1628.0,321.0,1984.0,3
2259,95003,0,415,36.95035,-121.86788999999999,722863.0,3.0,2.0,1582.0,408.0,1980.0,3
2260,95003,0,419,36.949740000000006,-121.86861,777936.0,2.0,2.5,1781.0,108.0,1983.0,3
2264,95003,0,426,36.94989,-121.86786000000001,748653.0,3.0,2.0,1414.0,194.0,1983.0,3
2265,95003,0,555,36.979420000000005,-121.91565,738206.0,2.0,2.0,1383.0,157.0,1984.0,3
2268,95003,0,560,36.9792,-121.91518,600000.0,2.0,1.5,1026.0,585.0,1983.0,3
2280,95003,0,665,36.982009999999995,-121.91292,961006.0,4.0,2.5,1957.0,105.0,1999.0,0
2281,95003,0,765,36.98157,-121.91301999999999,967211.0,4.0,2.5,1957.0,300.0,2000.0,0
2283,95003,0,766,36.982040000000005,-121.91408,345000.0,3.0,2.5,1594.0,216.0,1997.0,3
2286,95003,0,54,36.95218,-121.87337,1015272.0,2.0,2.0,1651.0,427.0,1981.0,0
2288,95003,0,92,36.9523,-121.87388,827932.0,2.0,2.0,1835.0,351.0,1983.0,3
2291,95003,0,175,36.95185,-121.8736,1439519.0,4.0,4.0,3500.0,183.0,1978.0,1
2298,95003,0,244,36.9514,-121.87358,817579.0,3.0,2.0,1587.0,158.0,1984.0,3
2299,95003,0,945,36.99388,-121.8438,1582441.0,5.0,3.5,3491.0,169.0,2006.0,1
2300,95003,0,1202,36.99453,-121.84393999999999,1394591.0,3.0,2.5,2884.0,225.0,2006.0,1
2303,95003,0,518,36.995090000000005,-121.84358,703864.0,2.0,2.0,1270.0,439.0,1975.0,3
2306,95003,0,751,36.99648,-121.844,798854.0,3.0,2.0,1953.0,155.0,1970.0,3
2307,95003,0,754,36.99687,-121.84296,878008.0,3.0,2.0,1904.0,223.0,1975.0,0
2308,95003,0,780,36.99712,-121.84532,1364703.0,3.0,2.5,2664.0,173.0,1979.0,1
2310,95003,0,834,36.99732,-121.84281000000001,835014.0,4.0,2.0,1908.0,477.0,1975.0,3
2311,95003,0,869,36.99755,-121.84234,1233362.0,3.0,3.0,2804.0,357.0,1974.0,5
2314,95003,0,871,36.997690000000006,-121.84143999999999,988589.0,3.0,2.5,2100.0,342.0,1971.0,0
2317,95003,0,903,36.998423100000004,-121.84302029999999,1825620.0,4.0,4.5,3217.0,385.0,2002.0,2
2322,95003,0,331,36.9812,-121.89546999999999,1319022.0,3.0,2.5,2536.0,166.0,1977.0,1
2323,95003,0,333,36.98138,-121.89735,1039368.0,3.0,2.0,2000.0,448.0,1997.0,0
2327,95003,0,802,36.9835689,-121.8961804,2142367.0,3.0,3.5,4763.0,430.0,1999.0,2
2329,95003,0,951,36.983740000000004,-121.89674,1379687.0,3.0,2.5,2861.0,416.0,2001.0,1
2330,95003,0,955,36.98454,-121.89662,1403344.0,3.0,2.0,2391.0,265.0,1988.0,1
2331,95003,0,977,36.98581,-121.89631000000001,1825793.0,3.0,3.5,3546.0,275.0,1990.0,2
2335,95003,0,1062,36.98557,-121.89443999999999,2151578.0,4.0,4.0,3616.0,438.0,1955.0,2
2338,95003,0,750,36.953359999999996,-121.87698999999999,804014.0,2.0,2.5,1202.0,187.0,1988.0,3
2339,95003,0,757,36.95345,-121.87721,803081.0,2.0,2.5,1202.0,466.0,1988.0,3
2340,95003,0,760,36.95347,-121.87727,802948.0,2.0,2.5,1202.0,295.0,1988.0,3
2341,95003,0,761,36.95349,-121.87732,820546.0,2.0,1.5,1202.0,341.0,1988.0,3
2343,95003,0,767,36.953790000000005,-121.87765,803701.0,2.0,2.5,1286.0,323.0,1988.0,3
2344,95003,0,774,36.953759999999996,-121.87771000000001,803701.0,2.0,2.5,1286.0,326.0,1988.0,3
2348,95003,0,790,36.95346,-121.87773,801447.0,2.0,2.5,1202.0,191.0,1988.0,3
2351,95003,0,803,36.95366,-121.87796999999999,803613.0,2.0,2.5,1286.0,185.0,1988.0,3
2353,95003,0,823,36.95344,-121.87808999999999,803355.0,2.0,2.5,1286.0,183.0,1988.0,3
2356,95003,0,844,36.9532,-121.87794,804162.0,2.0,2.5,1286.0,183.0,1988.0,3
2357,95003,0,851,36.95315,-121.87791999999999,804164.0,2.0,2.5,1286.0,177.0,1988.0,3
2358,95003,0,856,36.95306,-121.87789,804170.0,2.0,2.5,1286.0,369.0,1988.0,3
2360,95003,0,867,36.952909999999996,-121.8778,803692.0,2.0,2.5,1286.0,360.0,1988.0,3
2361,95003,0,870,36.95286,-121.87777,803678.0,2.0,2.5,1286.0,189.0,1988.0,3
2362,95003,0,201,36.98969,-121.85878000000001,682446.0,2.0,2.0,1080.0,431.0,1976.0,3
2366,95003,0,440,36.989849,-121.8585128,1105853.0,2.0,1.5,2124.0,321.0,1985.0,5
2368,95003,0,149,37.00018,-121.85591000000001,693674.0,3.0,1.5,1120.0,472.0,1970.0,3
2374,95003,0,497,37.00016,-121.85435,1332659.0,4.0,3.0,3275.0,156.0,1982.0,1
2375,95003,0,500,36.9994,-121.85408999999999,1282807.0,3.0,2.0,2422.0,336.0,1986.0,5
2377,95003,0,564,36.9995,-121.85283999999999,2066962.0,4.0,3.5,5078.0,207.0,2017.0,2
2380,95003,0,752,37.001540000000006,-121.85242,1679685.0,4.0,3.5,3812.0,201.0,1968.0,1
2383,95003,0,877,37.00262,-121.85088999999999,898785.0,3.0,2.0,2022.0,138.0,1976.0,0
2385,95003,0,925,37.002590000000005,-121.84978000000001,1341513.0,4.0,2.5,3001.0,127.0,1972.0,1
2386,95003,0,936,37.00284,-121.85061,973389.0,3.0,2.0,2193.0,352.0,1970.0,0
2387,95003,0,966,37.00307,-121.85025,1240374.0,3.0,3.0,2810.0,367.0,1976.0,5
2388,95003,0,972,37.00258,-121.8491,1017489.0,4.0,4.0,2193.0,142.0,1975.0,0
2389,95003,0,978,37.00352,-121.84978000000001,1214945.0,3.0,2.0,2506.0,164.0,1973.0,5
2390,95003,0,1063,37.00448,-121.84876000000001,751007.0,3.0,2.5,1768.0,413.0,1973.0,3
2391,95003,0,1074,37.00462,-121.84823,963269.0,3.0,2.5,2050.0,481.0,1974.0,0
2393,95003,0,1137,37.00501,-121.8482,751848.0,3.0,2.0,1812.0,248.0,1973.0,3
2394,95003,0,1155,37.00569,-121.84768000000001,1180508.0,4.0,2.5,2064.0,170.0,1975.0,5
2409,95003,0,323,37.00399,-121.90146999999999,1283216.0,3.0,2.5,2630.0,162.0,1978.0,5
2413,95003,0,512,37.00715,-121.90132,613074.0,4.0,2.0,1386.0,354.0,1980.0,3
2418,95003,0,528,37.007870000000004,-121.90006000000001,641610.0,2.0,2.0,1160.0,171.0,1978.0,3
2424,95003,0,649,37.01117,-121.90116,651464.0,4.0,1.5,1082.0,162.0,1968.0,3
2430,95003,0,729,37.01405,-121.89851000000002,939345.0,5.0,2.0,2120.0,231.0,1975.0,0
2441,95003,0,768,36.98407,-121.84216,1346672.0,3.0,2.0,2540.0,165.0,1976.0,1
2442,95003,0,937,36.98348,-121.84217,780870.0,3.0,2.0,1727.0,171.0,1974.0,3
2446,95003,0,77,36.98198,-121.84178,1285918.0,4.0,3.0,2803.0,134.0,1991.0,5
2448,95003,0,1191,36.97842,-121.88523,725351.0,2.0,1.5,1280.0,215.0,1974.0,3
2451,95003,0,121,36.97552,-121.87523999999999,853656.0,4.0,1.5,1845.0,134.0,1969.0,0
2454,95003,0,505,36.99551339999999,-121.9290837,1408471.0,3.0,3.5,3704.0,216.0,1979.0,1
2458,95003,0,993,36.970929999999996,-121.87867,782588.0,3.0,2.0,1631.0,177.0,1981.0,3
2462,95003,0,1023,36.9715,-121.87846,748254.0,3.0,2.0,1252.0,374.0,1982.0,3
2464,95003,0,37,36.96857,-121.90436000000001,1057314.0,3.0,2.5,1563.0,563.0,1970.0,0
2466,95003,0,67,36.968540000000004,-121.90422,986101.0,3.0,2.0,1563.0,528.0,1970.0,0
2475,95003,0,408,36.96886,-121.90403,946866.0,3.0,2.0,1473.0,217.0,1986.0,0
2477,95003,0,464,36.968740000000004,-121.90347,1333609.0,3.0,2.0,1859.0,174.0,1964.0,1
2481,95003,0,478,36.96819,-121.90351000000001,801431.0,2.0,2.0,972.0,952.0,1970.0,3
2489,95003,0,501,36.96832,-121.90321000000002,820667.0,2.0,2.0,1008.0,304.0,1970.0,3
2491,95003,0,506,36.96859,-121.90275,1273910.0,3.0,2.0,1897.0,356.0,1988.0,5
2493,95003,0,522,36.9685,-121.90235,1695516.0,3.0,3.5,2205.0,281.0,1988.0,1
2496,95003,0,872,36.97336,-121.89433999999999,913732.0,2.0,2.0,1470.0,372.0,1968.0,0
2501,95003,0,502,36.96266,-121.88113,1332208.0,4.0,3.0,2785.0,384.0,1979.0,1
2510,95003,0,63,36.97385,-121.90553,1056051.0,3.0,2.0,1864.0,367.0,1982.0,0
2511,95003,0,385,36.974579999999996,-121.9037,1081942.0,3.0,2.5,2073.0,289.0,1941.0,5
2512,95003,0,176,36.972120000000004,-121.90683999999999,920591.0,3.0,2.0,1518.0,757.0,2005.0,0
2513,95003,0,185,36.97195,-121.90738,823538.0,2.0,2.0,1120.0,186.0,1961.0,3
2514,95003,0,195,36.971709999999995,-121.90693999999999,1074380.0,3.0,2.0,1780.0,312.0,1979.0,5
2516,95003,0,207,36.971579999999996,-121.90697,1286764.0,3.0,3.0,1981.0,371.0,1998.0,5
2517,95003,0,214,36.97126,-121.90746999999999,1201108.0,3.0,2.0,1751.0,431.0,1959.0,5
2519,95003,0,224,36.97126,-121.90666,1418220.0,3.0,2.5,2188.0,366.0,1993.0,1
2522,95003,0,233,36.97115,-121.90696000000001,1349171.0,3.0,2.0,2036.0,282.0,1968.0,1
2525,95003,0,259,36.970859999999995,-121.90858,1479432.0,2.0,3.0,1930.0,492.0,1960.0,1
2531,95003,0,320,36.97248,-121.90915,1196542.0,3.0,2.5,1915.0,444.0,1973.0,5
2532,95003,0,326,36.9726,-121.90925,888678.0,3.0,2.0,1339.0,187.0,1960.0,0
2533,95003,0,347,36.97282,-121.90953999999999,1717255.0,3.0,2.5,2529.0,494.0,1989.0,2
2536,95003,0,374,36.97306,-121.91001000000001,989706.0,3.0,2.5,1465.0,683.0,1966.0,0
2537,95003,0,389,36.97312,-121.91018999999999,1080625.0,3.0,2.5,1816.0,688.0,1973.0,5
2543,95003,0,695,36.97475,-121.91423,993153.0,3.0,2.5,1607.0,238.0,1988.0,0
2544,95003,0,701,36.974779999999996,-121.91436000000002,898810.0,3.0,2.0,1645.0,154.0,1979.0,0
2548,95003,0,785,36.9752,-121.91566999999999,950654.0,3.0,2.5,1474.0,346.0,1983.0,0
2553,95003,0,799,36.97514,-121.91633,864432.0,3.0,2.0,1047.0,381.0,1968.0,0
2558,95003,0,886,36.975390000000004,-121.91747,905753.0,3.0,2.0,1510.0,153.0,1974.0,0
2560,95003,0,911,36.97517,-121.91791,1262878.0,4.0,2.0,1992.0,653.0,1958.0,5
2565,95003,0,940,36.975190000000005,-121.91905,1245797.0,3.0,2.0,2008.0,807.0,1973.0,5
2566,95003,0,944,36.97528,-121.91918000000001,2015025.0,3.0,3.0,2417.0,302.0,1989.0,2
2567,95003,0,954,36.97535,-121.91949,2467802.0,2.0,3.5,2757.0,863.0,1956.0,2
2576,95003,0,996,36.97618,-121.92031999999999,1090445.0,3.0,2.0,1721.0,209.0,1979.0,5
2577,95003,0,1002,36.975840000000005,-121.9201,2148082.0,3.0,3.5,2306.0,629.0,2010.0,2
2578,95003,0,1012,36.9757,-121.9203,1633931.0,3.0,3.0,1828.0,317.0,1971.0,1
2580,95003,0,1022,36.97578,-121.92063,1143093.0,3.0,2.0,1594.0,314.0,1965.0,5
2581,95003,0,1031,36.97683,-121.9213,1532938.0,3.0,2.5,2195.0,150.0,1980.0,1
2584,95003,0,1038,36.976440000000004,-121.92102,2163409.0,3.0,3.0,2262.0,221.0,1963.0,2
2587,95003,0,1077,36.97614,-121.92158,1307427.0,3.0,2.0,1912.0,356.0,1962.0,1
2594,95003,0,1094,36.97653,-121.92262,1794352.0,4.0,1.5,3208.0,530.0,2012.0,2
2596,95003,0,1111,36.97742,-121.92339,1279973.0,3.0,2.0,1976.0,220.0,1973.0,5
2597,95003,0,1116,36.9774,-121.92363999999999,1317754.0,4.0,2.5,2319.0,440.0,1944.0,1
2600,95003,0,1124,36.97698,-121.92455,3054697.0,3.0,4.0,2799.0,393.0,2004.0,4
2605,95003,0,1143,36.9782,-121.92203,2034967.0,3.0,4.0,2724.0,461.0,1990.0,2
2606,95003,0,1146,36.97786,-121.9215,930054.0,2.0,2.5,1422.0,520.0,2007.0,0
2608,95003,0,1147,36.9782,-121.92163000000001,930555.0,3.0,2.5,1507.0,146.0,1960.0,0
2609,95003,0,1148,36.977909999999994,-121.92115,917592.0,3.0,2.0,1354.0,435.0,1961.0,0
2610,95003,0,1160,36.978559999999995,-121.92171,1037944.0,3.0,2.0,1823.0,206.0,1965.0,0
2611,95003,0,1163,36.9787,-121.92182,915589.0,3.0,2.0,1413.0,192.0,1963.0,0
2617,95003,0,1171,36.97902,-121.92197,930391.0,2.0,2.0,1556.0,159.0,1964.0,0
2623,95003,0,204,36.952040000000004,-121.87544,841176.0,2.0,2.0,1816.0,476.0,1985.0,3
2625,95003,0,209,36.95217,-121.87522,778675.0,2.0,2.0,1541.0,279.0,1981.0,3
2626,95003,0,211,36.9522,-121.87507,774743.0,2.0,2.0,1541.0,269.0,1977.0,3
2627,95003,0,222,36.952259999999995,-121.87473,622270.0,2.0,1.5,970.0,582.0,1980.0,3
2629,95003,0,227,36.952329999999996,-121.87415,1229510.0,4.0,4.0,2452.0,285.0,1977.0,5
2632,95003,0,250,36.95259,-121.87266000000001,923181.0,2.0,2.5,1731.0,147.0,1980.0,0
2634,95003,0,265,36.95159,-121.87241999999999,742434.0,2.0,2.0,1546.0,279.0,1986.0,3
2635,95003,0,268,36.95155,-121.87232,725254.0,2.0,2.0,1546.0,162.0,1983.0,3
2636,95003,0,271,36.95177,-121.87234,804148.0,2.0,2.5,1692.0,143.0,1983.0,3
2637,95003,0,273,36.952259999999995,-121.87183,785151.0,3.0,2.0,1603.0,430.0,1979.0,3
2646,95003,0,286,36.95205,-121.87122,1003954.0,6.0,4.0,2896.0,224.0,1973.0,0
2647,95003,0,288,36.95203,-121.87101000000001,1338132.0,3.0,4.0,2891.0,329.0,1972.0,1
2650,95003,0,306,36.952020000000005,-121.86995,1327387.0,6.0,4.0,2737.0,214.0,1974.0,1
2654,95003,0,330,36.95151,-121.86797,1318883.0,3.0,2.5,1953.0,333.0,1978.0,1
2655,95003,0,332,36.95136,-121.86781,1345522.0,3.0,2.5,2418.0,118.0,1983.0,1
2657,95003,0,334,36.951240000000006,-121.86765,1200308.0,3.0,3.0,1878.0,152.0,1979.0,5
2662,95003,0,348,36.95061,-121.86765,720752.0,3.0,2.0,1560.0,410.0,1983.0,3
2664,95003,0,350,36.95049,-121.86776,722664.0,3.0,2.0,1588.0,418.0,1983.0,3
2665,95003,0,351,36.95101,-121.86733999999998,1199632.0,3.0,2.5,2148.0,260.0,1980.0,5
2669,95003,0,369,36.95033,-121.86702,781754.0,2.0,2.5,1870.0,139.0,1982.0,3
2677,95003,0,980,36.95231029999999,-121.87872890000001,870000.0,2.0,2.0,1434.0,607.0,1996.0,0
2678,95003,0,1072,36.95205,-121.87841,837461.0,2.0,2.0,1434.0,607.0,1996.0,3
2679,95003,0,1152,36.9523816,-121.87862920000002,826314.0,2.0,2.0,1434.0,185.0,1996.0,3
2680,95003,0,1188,36.95195,-121.87828999999999,826923.0,2.0,2.0,1434.0,516.0,1996.0,3
2685,95003,0,196,36.95217,-121.87852,803533.0,2.0,2.5,1208.0,422.0,1996.0,3
2689,95003,0,313,36.952059999999996,-121.87839,804825.0,2.0,2.5,1208.0,219.0,1996.0,3
2691,95003,0,475,36.95255,-121.87888000000001,742755.0,2.0,2.0,1175.0,357.0,1995.0,3
2694,95003,0,531,36.952371500000005,-121.8781445,752737.0,2.0,2.0,1175.0,243.0,1995.0,3
2697,95003,0,574,36.95265,-121.87876000000001,803874.0,2.0,2.5,1396.0,204.0,1995.0,3
2698,95003,0,592,36.952544700000004,-121.87832979999999,722027.0,2.0,2.5,1204.0,237.0,1995.0,3
2702,95003,0,735,36.952420000000004,-121.87905,720138.0,2.0,2.5,1204.0,170.0,1995.0,3
2703,95003,0,749,36.9525821,-121.87884469999999,727647.0,2.0,2.5,1204.0,237.0,1995.0,3
2708,95003,0,784,36.95219,-121.87919,750921.0,2.0,2.5,1204.0,245.0,1995.0,3
2712,95003,0,847,36.95195,-121.87961000000001,808742.0,2.0,2.0,1524.0,171.0,1995.0,3
2714,95003,0,868,36.9518,-121.87963,813518.0,2.0,2.0,1546.0,171.0,1995.0,3
2715,95003,0,875,36.95174,-121.87941000000001,827524.0,2.0,2.0,1760.0,151.0,1995.0,3
2717,95003,0,901,36.95199,-121.87957,1121945.0,3.0,3.5,2550.0,492.0,1995.0,5
2718,95003,0,922,36.9518751,-121.8791459,809824.0,2.0,2.5,1385.0,188.0,1995.0,3
2719,95003,0,946,36.95189,-121.8796,770834.0,2.0,2.0,1267.0,205.0,1995.0,3
2721,95003,0,973,36.9518751,-121.879122,756732.0,2.0,2.0,1144.0,393.0,1995.0,3
2722,95003,0,976,36.95178,-121.87936,810721.0,2.0,2.0,1425.0,288.0,1995.0,3
2724,95003,0,979,36.95148,-121.8792,817317.0,2.0,2.0,1202.0,998.0,1995.0,3
2725,95003,0,981,36.9516485,-121.8787564,796810.0,2.0,2.0,1088.0,391.0,1995.0,3
2726,95003,0,1004,36.95139,-121.87906000000001,795054.0,2.0,2.0,1204.0,390.0,1995.0,3
2727,95003,0,1028,36.9516504,-121.878754,768194.0,2.0,2.0,1144.0,275.0,1995.0,3
2728,95003,0,1057,36.9516523,-121.87875159999999,758054.0,2.0,2.0,1086.0,281.0,1995.0,3
2730,95003,0,1061,36.9516542,-121.8787493,758139.0,2.0,2.0,1086.0,861.0,1995.0,3
2732,95003,0,1069,36.9517,-121.8784,801605.0,2.0,2.0,1259.0,218.0,1995.0,3
2733,95003,0,1073,36.951658,-121.87874450000001,736861.0,2.0,2.0,1006.0,577.0,1995.0,3
2738,95003,0,1135,36.9516636,-121.8787375,767066.0,2.0,2.0,1086.0,285.0,1995.0,3
2740,95003,0,1145,36.951665500000004,-121.8787351,799000.0,2.0,2.0,1086.0,736.0,1995.0,3
2741,95003,0,1150,36.951609999999995,-121.87857,757578.0,2.0,2.0,1086.0,272.0,1995.0,3
2742,95003,0,1153,36.9516674,-121.8787327,758218.0,2.0,2.0,1086.0,301.0,1995.0,3
2813,95003,0,770,36.9498889,-121.87589960000001,828561.0,2.0,2.0,1288.0,252.0,1997.0,3
2815,95003,0,773,36.9498785,-121.87589390000001,829448.0,2.0,2.5,1320.0,174.0,1997.0,3
2816,95003,0,775,36.94987329999999,-121.875891,829288.0,2.0,2.5,1288.0,582.0,1997.0,3
2817,95003,0,777,36.9498681,-121.87588810000001,829275.0,2.0,2.5,1288.0,418.0,1997.0,3
2821,95003,0,783,36.94936,-121.87713000000001,831299.0,2.0,2.0,1368.0,281.0,1997.0,3
2822,95003,0,786,36.94931,-121.87706999999999,827502.0,2.0,2.0,1288.0,252.0,1997.0,3
2823,95003,0,788,36.94925,-121.87698999999999,793621.0,2.0,2.0,1251.0,508.0,1997.0,3
2824,95003,0,789,36.94939,-121.87714,829676.0,2.0,2.5,1320.0,909.0,1997.0,3
2825,95003,0,791,36.94932,-121.87709,829288.0,2.0,2.5,1288.0,349.0,1997.0,3
2828,95003,0,795,36.94925,-121.87696000000001,829304.0,2.0,2.5,1320.0,320.0,1997.0,3
2829,95003,0,798,36.94916,-121.87687,829669.0,2.0,2.0,1368.0,245.0,1997.0,3
2830,95003,0,800,36.9497919,-121.87584270000002,824648.0,2.0,2.0,1288.0,334.0,1997.0,3
2831,95003,0,804,36.94918,-121.87687,829577.0,2.0,2.5,1320.0,420.0,1997.0,3
2832,95003,0,807,36.94911,-121.87683,828913.0,2.0,2.5,1288.0,391.0,1997.0,3
2833,95003,0,809,36.949090000000005,-121.87681,828806.0,2.0,2.5,1288.0,268.0,1997.0,3
2834,95003,0,812,36.94905,-121.87678000000001,935000.0,2.0,2.5,1288.0,726.0,1997.0,0
2835,95003,0,814,36.94895,-121.87657,828523.0,2.0,2.0,1368.0,727.0,1997.0,3
2837,95003,0,819,36.94897,-121.87659,829506.0,2.0,2.5,1320.0,833.0,1997.0,3
2838,95003,0,820,36.94893,-121.87653999999999,828775.0,2.0,2.5,1288.0,268.0,1997.0,3
2839,95003,0,824,36.94893,-121.8765,828775.0,2.0,2.5,1288.0,549.0,1997.0,3
2841,95003,0,827,36.94892,-121.8764,828629.0,2.0,2.5,1288.0,282.0,1997.0,3
2843,95003,0,829,36.94891,-121.87619,818926.0,2.0,2.0,1368.0,234.0,1997.0,3
2847,95003,0,835,36.9491309,-121.8751702,827066.0,2.0,2.5,1320.0,795.0,1997.0,3
2850,95003,0,839,36.949116,-121.87514499999999,821353.0,2.0,2.5,1288.0,466.0,1997.0,3
2851,95003,0,841,36.949112299999996,-121.87513870000001,820022.0,2.0,2.5,1288.0,299.0,1997.0,3
2852,95003,0,842,36.9491085,-121.8751324,820180.0,2.0,2.5,1288.0,307.0,1997.0,3
2855,95003,0,845,36.94936,-121.87631,777573.0,3.0,2.0,1368.0,230.0,1997.0,3
2859,95003,0,853,36.94936,-121.87628000000001,827683.0,2.0,2.5,1320.0,383.0,1997.0,3
2861,95003,0,879,36.94919,-121.87561000000001,811138.0,2.0,2.5,1309.0,286.0,1998.0,3
2862,95003,0,880,36.94917,-121.87557,811021.0,2.0,2.5,1309.0,451.0,1998.0,3
2864,95003,0,883,36.94913,-121.8755,799913.0,2.0,2.5,1295.0,421.0,1998.0,3
2865,95003,0,887,36.94913,-121.87545,781580.0,2.0,2.5,1309.0,283.0,1998.0,3
2866,95003,0,889,36.94911,-121.8754,699942.0,2.0,2.5,1309.0,448.0,1998.0,3
2868,95003,0,897,36.94905,-121.87527,699890.0,2.0,2.5,1309.0,535.0,1998.0,3
2869,95003,0,904,36.94903,-121.87523,699821.0,2.0,2.5,1309.0,397.0,1998.0,3
2870,95003,0,907,36.94899,-121.8752,701535.0,2.0,2.5,1335.0,281.0,1998.0,3
2871,95003,0,909,36.94894,-121.8751,885628.0,2.0,2.5,1335.0,326.0,1998.0,0
2875,95003,0,291,36.94858,-121.86481,691336.0,2.0,2.0,1556.0,334.0,1989.0,3
2876,95003,0,836,36.964529999999996,-121.89626000000001,2086563.0,4.0,2.5,2494.0,132.0,1997.0,2
2880,95003,0,507,36.97873,-121.88838,852422.0,3.0,2.0,1406.0,395.0,1963.0,0
2882,95003,0,35,36.97972,-121.88824,848272.0,4.0,2.0,1527.0,134.0,1963.0,0
2883,95003,0,133,36.97953,-121.88799999999999,837319.0,3.0,2.0,1412.0,176.0,1963.0,3
2886,95003,0,519,36.97905,-121.88768,1023440.0,4.0,3.0,2373.0,196.0,1972.0,0
2887,95003,0,685,36.97893,-121.88753999999999,835378.0,3.0,2.0,1330.0,188.0,1974.0,3
2888,95003,0,723,36.97847,-121.88768999999999,1036128.0,3.0,3.0,2286.0,109.0,1973.0,0
2891,95003,0,8,36.97995,-121.88773,888108.0,4.0,2.0,1882.0,316.0,1963.0,0
2893,95003,0,25,36.98001,-121.88711,801864.0,3.0,2.0,1338.0,193.0,1964.0,3
2894,95003,0,30,36.979729999999996,-121.88763999999999,846606.0,3.0,2.0,1527.0,133.0,1963.0,0
2899,95003,0,236,36.977709999999995,-121.89215,916149.0,2.0,2.0,1645.0,393.0,1974.0,0
2900,95003,0,260,36.9778,-121.89182,866642.0,2.0,2.0,1109.0,190.0,1940.0,0
2910,95003,0,486,36.9801,-121.88914,834910.0,3.0,2.0,1433.0,185.0,1963.0,3
2911,95003,0,490,36.97937,-121.88925,850547.0,3.0,2.0,1484.0,166.0,1963.0,0
2913,95003,0,496,36.9795,-121.88903,887843.0,3.0,2.0,1771.0,149.0,1963.0,0
2918,95003,0,873,36.98093,-121.88695,817578.0,3.0,2.0,1508.0,232.0,1962.0,3
2919,95003,0,928,36.98104,-121.88668999999999,772423.0,3.0,2.0,1406.0,303.0,1963.0,3
2920,95003,0,557,36.97953,-121.91597,754734.0,2.0,2.0,1383.0,159.0,1983.0,3
2922,95003,0,562,36.97979,-121.91636000000001,754139.0,2.0,2.0,1383.0,127.0,1983.0,3
2924,95003,0,567,36.97978,-121.91626000000001,768575.0,3.0,2.5,1492.0,268.0,1983.0,3
2926,95003,0,569,36.97965,-121.91571,708005.0,2.0,1.5,1514.0,261.0,1984.0,3
2930,95003,0,576,36.97981,-121.9154,716878.0,2.0,2.5,1514.0,124.0,1983.0,3
2934,95003,0,587,36.97988,-121.91521999999999,718128.0,2.0,2.5,1514.0,139.0,1982.0,3
2937,95003,0,150,36.98389,-121.88621,1316410.0,3.0,2.0,2667.0,120.0,1975.0,1
2939,95003,0,1066,36.98539,-121.88826999999999,1306951.0,3.0,2.5,2761.0,255.0,1980.0,1
2940,95003,0,1068,36.985820000000004,-121.88833000000001,2418143.0,4.0,4.5,5079.0,418.0,1970.0,2
2947,95003,0,1212,36.98899,-121.88981000000001,1384498.0,3.0,2.5,3031.0,272.0,1980.0,1
2948,95003,0,1218,36.9896639,-121.8897892,1585331.0,3.0,2.5,3841.0,178.0,1983.0,1
2951,95003,0,1084,36.9846,-121.91603,791981.0,3.0,2.5,1638.0,363.0,1991.0,3
2953,95003,0,1086,36.98401,-121.91591000000001,893892.0,3.0,2.5,1852.0,375.0,1991.0,0
2955,95003,0,1087,36.98411,-121.91573999999999,816520.0,3.0,2.5,1638.0,217.0,1991.0,3
2962,95003,0,1071,36.98604,-121.91775,909419.0,3.0,3.0,1986.0,201.0,1976.0,0
2963,95003,0,1082,36.98559,-121.91663999999999,1013179.0,4.0,2.0,1944.0,556.0,1977.0,0
2966,95003,0,1090,36.98475,-121.9148,996495.0,4.0,2.0,1961.0,158.0,1957.0,0
2967,95003,0,1092,36.98457,-121.91493999999999,848622.0,4.0,2.0,1580.0,411.0,1979.0,0
2982,95003,0,9,36.97164,-121.87258999999999,992430.0,2.0,3.0,1799.0,306.0,1978.0,0
2983,95003,0,11,36.97189,-121.87234,1272184.0,4.0,4.5,2530.0,142.0,1976.0,5
2988,95003,0,50,36.9723,-121.89138999999999,1181267.0,4.0,2.5,2230.0,382.0,1999.0,5
2989,95003,0,55,36.9721,-121.8918,1198662.0,5.0,3.0,2514.0,366.0,1999.0,5
2991,95003,0,81,36.97249,-121.8916,1190516.0,5.0,3.0,2514.0,201.0,1999.0,5
2992,95003,0,85,36.972409999999996,-121.89209,1183109.0,4.0,2.5,2251.0,212.0,1999.0,5
2997,95003,0,353,37.01807,-121.87956000000001,1542325.0,3.0,2.5,3281.0,251.0,1978.0,1
2998,95003,0,357,37.020140000000005,-121.87763999999999,1382400.0,3.0,2.0,2496.0,180.0,1980.0,1
3004,95003,0,375,36.97238,-121.9018,1025788.0,3.0,2.0,1598.0,152.0,1974.0,0
3005,95003,0,400,36.97258,-121.90203000000001,1090938.0,3.0,2.5,1976.0,399.0,1986.0,5
3009,95003,0,441,36.973040000000005,-121.90256000000001,1157168.0,4.0,2.0,2246.0,334.0,1973.0,5
3010,95003,0,465,36.972570000000005,-121.90263,1165013.0,3.0,2.5,2187.0,273.0,1986.0,5
3011,95003,0,473,36.97265,-121.90273,1341722.0,2.0,2.0,2354.0,318.0,1983.0,1
3021,95003,0,534,36.974540000000005,-121.90313,1158464.0,4.0,3.0,1821.0,110.0,1940.0,5
3022,95003,0,543,36.97583,-121.90299999999999,1041826.0,3.0,2.5,1639.0,238.0,1991.0,0
3032,95003,0,910,36.9785,-121.91736000000002,990481.0,3.0,2.5,1800.0,481.0,2006.0,0
3035,95003,0,917,36.97858,-121.91793,863085.0,3.0,2.0,1298.0,210.0,1996.0,0
3038,95003,0,931,36.97906,-121.91783999999998,775769.0,2.0,2.0,1054.0,655.0,1971.0,3
3044,95003,0,956,36.97885,-121.91897,910486.0,3.0,2.5,1554.0,290.0,1976.0,0
3045,95003,0,958,36.9790973,-121.91868259999998,820732.0,2.0,2.0,1415.0,141.0,1973.0,3
3049,95003,0,968,36.97947,-121.91901999999999,824705.0,3.0,2.0,1080.0,606.0,1964.0,3
3050,95003,0,969,36.9795,-121.91951999999999,977520.0,3.0,2.5,1858.0,199.0,1989.0,0
3052,95003,0,610,36.97294,-121.89029,1180780.0,4.0,2.5,2266.0,338.0,1999.0,5
3054,95003,0,636,36.97303,-121.89058999999999,1208899.0,5.0,3.0,2514.0,173.0,1999.0,5
3055,95003,0,641,36.972409999999996,-121.89063,1183105.0,4.0,2.5,2302.0,330.0,1999.0,5
3056,95003,0,659,36.97294,-121.89088000000001,1179589.0,4.0,2.5,2292.0,290.0,1999.0,5
3057,95003,0,661,36.972359999999995,-121.89085,975000.0,3.0,2.0,1698.0,574.0,1999.0,0
3060,95003,0,681,36.9729,-121.89128000000001,1181778.0,4.0,2.5,2251.0,205.0,1999.0,5
3061,95003,0,686,36.97251,-121.8913,1194641.0,5.0,3.0,2514.0,181.0,1999.0,5
3062,95003,0,696,36.97291,-121.89152,1176021.0,4.0,2.5,2266.0,201.0,1999.0,5
3066,95003,0,711,36.97302,-121.89211999999999,977300.0,3.0,2.0,1698.0,536.0,1999.0,0
3067,95003,0,722,36.9727,-121.89246000000001,1189286.0,5.0,3.0,2514.0,199.0,1999.0,5
3068,95003,0,724,36.97306,-121.89232,1176875.0,4.0,2.5,2266.0,201.0,1999.0,5
3072,95003,0,745,36.973,-121.89299,1212602.0,5.0,3.0,2514.0,416.0,1999.0,5
3078,95003,0,82,36.97023,-121.90493000000001,778377.0,2.0,2.5,1224.0,146.0,1982.0,3
3080,95003,0,99,36.97012,-121.9047,749910.0,2.0,2.5,1224.0,509.0,1982.0,3
3081,95003,0,106,36.97005,-121.90472,785970.0,3.0,2.0,1190.0,210.0,1981.0,3
3084,95003,0,159,36.96998,-121.90382,803997.0,2.0,2.0,1061.0,564.0,1983.0,3
3086,95003,0,913,36.96444,-121.89006,1121842.0,3.0,2.5,1851.0,313.0,1987.0,5
3090,95003,0,643,36.98422,-121.91238,1155896.0,3.0,2.0,2095.0,131.0,1950.0,5
3102,95003,0,948,36.96396,-121.89026000000001,1888708.0,4.0,3.0,3099.0,245.0,1991.0,2
3106,95003,0,1003,36.96321,-121.88966,953324.0,2.0,1.5,1292.0,267.0,1962.0,0
3107,95003,0,1005,36.962740000000004,-121.89018,1270508.0,4.0,2.0,2333.0,174.0,1964.0,5
3108,95003,0,1019,36.963,-121.88944,937557.0,3.0,2.0,1300.0,454.0,1962.0,0
3111,95003,0,1024,36.96252,-121.88996000000002,1149470.0,3.0,2.0,1916.0,313.0,1974.0,5
3112,95003,0,1027,36.96278,-121.88922,1184125.0,3.0,2.0,2030.0,249.0,1938.0,5
3113,95003,0,1032,36.962559999999996,-121.88903,1250870.0,3.0,3.0,2216.0,127.0,1971.0,5
3115,95003,0,1039,36.96245,-121.88892,1062503.0,2.0,2.5,1631.0,135.0,1960.0,0
3121,95003,0,1055,36.96188,-121.88842,966715.0,3.0,1.5,1506.0,730.0,1970.0,0
3123,95003,0,356,36.9713285,-121.9033362,912617.0,3.0,2.0,1509.0,547.0,1969.0,0
3128,95003,0,412,36.9713418,-121.9031884,980092.0,3.0,2.0,1669.0,317.0,1986.0,0
3129,95003,0,423,36.9713449,-121.90317009999998,1089371.0,2.0,2.5,1736.0,156.0,1962.0,5
3130,95003,0,438,36.97231,-121.90375,904630.0,3.0,2.0,1516.0,185.0,1969.0,0
3132,95003,0,452,36.9713545,-121.90311509999998,865603.0,3.0,2.0,1204.0,266.0,1986.0,0
3136,95003,0,474,36.97228,-121.90373999999998,935410.0,2.0,2.5,1491.0,151.0,1981.0,0
3140,95003,0,642,36.97184,-121.90352,1177358.0,3.0,2.0,2200.0,120.0,1991.0,5
3141,95003,0,655,36.97173,-121.90351000000001,947859.0,3.0,1.5,1655.0,284.0,1991.0,0
3143,95003,0,690,36.97181,-121.9028,1052990.0,3.0,2.0,1685.0,165.0,1990.0,0
3145,95003,0,712,36.9725,-121.90348,1014826.0,3.0,2.0,1605.0,203.0,1982.0,0
3155,95003,0,884,36.97872,-121.89877,876099.0,3.0,2.0,1534.0,130.0,1986.0,0
3159,95003,0,1156,36.97907,-121.8937,1120408.0,4.0,2.5,2449.0,106.0,1963.0,5
3169,95003,0,117,36.982690000000005,-121.88635,774894.0,3.0,2.0,1462.0,198.0,1978.0,3
3172,95003,0,264,36.987559999999995,-121.88503999999999,954543.0,4.0,2.5,2157.0,299.0,1988.0,0
3179,95003,0,510,36.99818,-121.88238999999999,1967697.0,3.0,4.0,3347.0,129.0,2007.0,2
3181,95003,0,552,37.00213,-121.8852,1346149.0,3.0,3.5,2922.0,219.0,1978.0,1
3182,95003,0,556,37.00439,-121.88511000000001,1319699.0,3.0,2.0,2646.0,207.0,1984.0,1
3189,95003,0,101,36.98142,-121.91113,873651.0,3.0,2.0,1647.0,471.0,1999.0,0
3190,95003,0,143,36.98127,-121.91116000000001,969053.0,3.0,2.5,1957.0,194.0,1999.0,0
3192,95003,0,597,36.98451,-121.91431999999999,966002.0,3.0,3.0,2049.0,305.0,1999.0,0
3196,95003,0,601,36.98514,-121.9139,1161044.0,3.0,2.0,1989.0,166.0,1935.0,5
3199,95003,0,1089,36.9853,-121.91467,1117567.0,3.0,2.0,2034.0,219.0,1950.0,5
3203,95003,0,38,36.97247,-121.90758999999998,957374.0,2.0,2.0,1264.0,384.0,1966.0,0
3205,95003,0,59,36.97272,-121.9077,1053912.0,2.0,1.5,1775.0,338.0,1976.0,0
3206,95003,0,64,36.972570000000005,-121.90808999999999,906912.0,3.0,2.0,1566.0,146.0,1963.0,0
3207,95003,0,76,36.97271,-121.90818,883497.0,3.0,2.0,1247.0,353.0,1963.0,0
3212,95003,0,376,36.97385,-121.90881999999999,882749.0,3.0,2.0,1233.0,261.0,1969.0,0
3218,95003,0,435,36.97425,-121.90978999999999,868821.0,3.0,1.5,1338.0,295.0,1966.0,0
3229,95003,0,1187,36.95581,-121.88598,3119915.0,5.0,5.0,3068.0,228.0,2002.0,4
3236,95003,0,52,36.95384,-121.8818,1755788.0,3.0,2.5,2860.0,385.0,1985.0,2
3239,95003,0,5,36.948190000000004,-121.87301000000001,1165883.0,4.0,3.5,2287.0,392.0,1978.0,5
3242,95003,0,83,36.94807,-121.87241000000002,1389318.0,3.0,3.0,2588.0,289.0,1979.0,1
3243,95003,0,111,36.94853,-121.87251,1311323.0,4.0,2.5,3182.0,249.0,1980.0,1
3244,95003,0,114,36.94818,-121.87225,1271265.0,3.0,2.5,2608.0,148.0,1983.0,5
3245,95003,0,144,36.94866,-121.8724,1171584.0,3.0,2.5,2008.0,154.0,1978.0,5
3246,95003,0,147,36.94831,-121.87208999999999,1218535.0,3.0,3.0,2530.0,429.0,1978.0,5
3248,95003,0,170,36.94846,-121.87196000000002,1355381.0,4.0,3.5,3326.0,139.0,1983.0,1
3249,95003,0,202,36.94863,-121.87187,1173597.0,4.0,2.5,1999.0,445.0,1996.0,5
3251,95003,0,234,36.94913,-121.87222,1188679.0,3.0,2.0,2096.0,160.0,1978.0,5
3252,95003,0,245,36.94931,-121.87223999999999,996312.0,3.0,2.0,1330.0,270.0,1978.0,0
3256,95003,0,51,36.94576,-121.87053,1187477.0,3.0,2.5,2093.0,210.0,1986.0,5
3257,95003,0,79,36.946259999999995,-121.87071,1297346.0,4.0,2.5,2776.0,196.0,1983.0,5
3259,95003,0,112,36.94639,-121.87055,1468034.0,4.0,3.5,3378.0,198.0,1986.0,1
3260,95003,0,115,36.94593,-121.87018,1447251.0,3.0,3.0,3160.0,436.0,1984.0,1
3266,95003,0,275,36.94645,-121.86908999999999,1153931.0,3.0,3.0,1566.0,554.0,1977.0,5
3267,95003,0,297,36.946979999999996,-121.86932,1327962.0,4.0,2.5,2816.0,170.0,1983.0,1
3269,95003,0,312,36.947109999999995,-121.86916000000001,1212861.0,3.0,2.5,2177.0,524.0,1993.0,5
3273,95003,0,362,36.94727,-121.86876000000001,1011924.0,3.0,2.0,1476.0,477.0,1977.0,0
3275,95003,0,448,36.94737,-121.86835,1191650.0,3.0,2.5,2145.0,340.0,1979.0,5
3279,95003,0,511,36.94721,-121.86751000000001,1117680.0,3.0,2.0,1935.0,195.0,1978.0,5
3282,95003,0,296,36.94789,-121.86761000000001,1440391.0,4.0,2.5,2836.0,147.0,1989.0,1
3285,95003,0,298,36.9484,-121.86798,1324469.0,4.0,2.5,2807.0,326.0,1988.0,1
3287,95003,0,300,36.94874,-121.86743,1163808.0,4.0,3.0,2052.0,172.0,1989.0,5
3289,95003,0,301,36.94853,-121.867,1181977.0,4.0,2.5,2374.0,173.0,1988.0,5
3290,95003,0,302,36.948879999999996,-121.86711000000001,1201291.0,4.0,2.5,2455.0,286.0,1988.0,5
3292,95003,0,304,36.949040000000004,-121.86676999999999,1279315.0,4.0,2.5,2785.0,140.0,1988.0,5
3297,95003,0,1100,36.959959999999995,-121.88622,2305208.0,3.0,2.5,2257.0,332.0,1979.0,2
3298,95003,0,1106,36.95963,-121.88658000000001,2647642.0,3.0,3.0,2769.0,587.0,1998.0,4
3302,95003,0,1128,36.95937,-121.88632,3461137.0,5.0,4.5,4169.0,144.0,1983.0,4
3306,95003,0,1140,36.9591,-121.88605,2423900.0,4.0,3.5,2949.0,237.0,1979.0,2
3307,95003,0,1149,36.95905,-121.88553,1276613.0,4.0,2.5,2215.0,148.0,1970.0,5
3309,95003,0,1151,36.95875,-121.88563,1463855.0,4.0,2.5,2243.0,237.0,1970.0,1
3310,95003,0,1161,36.9581193,-121.886032,1134210.0,3.0,2.0,1551.0,235.0,1975.0,5
3319,95003,0,1184,36.95726,-121.88555,3734193.0,3.0,4.5,5106.0,294.0,1977.0,4
3324,95003,0,1194,36.95655,-121.88485,2715701.0,3.0,2.5,2640.0,415.0,1989.0,4
3325,95003,0,1195,36.956579999999995,-121.88436000000002,2713969.0,4.0,3.5,2734.0,124.0,1998.0,4
3330,95003,0,1223,36.95523,-121.88468,3030648.0,3.0,3.0,3726.0,497.0,1982.0,4
3332,95003,0,15,36.95485,-121.88425,3158361.0,3.0,3.5,3657.0,369.0,1976.0,4
3333,95003,0,32,36.95459,-121.88396000000002,2858194.0,4.0,3.0,2565.0,326.0,1977.0,4
3336,95003,0,69,36.95377,-121.88278000000001,2743848.0,3.0,2.5,3823.0,497.0,1988.0,4
3337,95003,0,36,36.94979,-121.87438,1186221.0,3.0,2.5,2616.0,388.0,1980.0,5
3339,95003,0,102,36.9498,-121.87387,1163592.0,3.0,3.0,2117.0,156.0,1978.0,5
3340,95003,0,126,36.949290000000005,-121.87406999999999,1273623.0,3.0,3.0,3027.0,116.0,1982.0,5
3342,95003,0,166,36.94916,-121.87391000000001,1175620.0,4.0,2.5,2572.0,334.0,1977.0,5
3347,95003,0,308,36.94892,-121.87262,1326757.0,3.0,3.0,2964.0,245.0,1986.0,1
3349,95003,0,363,36.94863,-121.8729,1172615.0,4.0,2.5,2417.0,180.0,1984.0,5
3350,95003,0,393,36.9484,-121.87324,1182849.0,2.0,2.5,2378.0,578.0,1978.0,5
3352,95003,0,449,36.94852,-121.87306000000001,1270519.0,4.0,2.0,2712.0,258.0,1978.0,5
3353,95003,0,1168,36.95857,-121.88505,825357.0,2.0,2.0,1094.0,366.0,1970.0,3
3354,95003,0,1198,36.95639,-121.88331000000001,919563.0,3.0,2.5,1770.0,105.0,1973.0,0
3357,95003,0,1204,36.95632,-121.88383,2741174.0,3.0,3.5,3208.0,662.0,1981.0,4
3375,95003,0,6,36.95588,-121.88208,785086.0,2.0,2.0,1263.0,495.0,1974.0,3
3380,95003,0,12,36.9554064,-121.88236210000001,801931.0,3.0,2.0,1504.0,151.0,1975.0,3
3381,95003,0,14,36.9552,-121.8828,2739669.0,3.0,3.5,3118.0,221.0,1974.0,4
3385,95003,0,18,36.95508,-121.88266999999999,3103359.0,4.0,4.5,3487.0,383.0,1980.0,4
3387,95003,0,28,36.9553,-121.88203,827552.0,2.0,2.5,1849.0,215.0,1981.0,3
3390,95003,0,31,36.95518,-121.88195,805228.0,2.0,2.0,1549.0,358.0,1981.0,3
3400,95003,0,39,36.95507,-121.88176000000001,805229.0,2.0,2.0,1549.0,474.0,1981.0,3
3401,95003,0,40,36.95499,-121.88163999999999,826293.0,2.0,2.5,1849.0,176.0,1981.0,3
3402,95003,0,44,36.9547514,-121.88160239999999,925510.0,3.0,2.5,1849.0,426.0,1981.0,0
3412,95003,0,53,36.95452,-121.8813,803142.0,2.0,2.0,1420.0,542.0,1985.0,3
3415,95003,0,56,36.954809999999995,-121.8812,804226.0,2.0,2.0,1420.0,486.0,1986.0,3
3422,95003,0,93,36.95363,-121.88115,933886.0,2.0,3.0,2274.0,329.0,1984.0,0
3424,95003,0,98,36.95377,-121.88103000000001,937887.0,2.0,2.5,2274.0,172.0,1994.0,0
3425,95003,0,127,36.95395,-121.88083999999999,823888.0,2.0,2.0,1859.0,412.0,1984.0,3
3427,95003,0,128,36.953990000000005,-121.88078,823740.0,2.0,2.0,1859.0,592.0,1984.0,3
3428,95003,0,129,36.95443,-121.88073,836781.0,3.0,2.5,1842.0,201.0,1986.0,3
3430,95003,0,130,36.954370000000004,-121.88073,836903.0,3.0,2.5,1842.0,442.0,1986.0,3
3436,95003,0,134,36.9538,-121.88026,936816.0,2.0,2.5,2274.0,528.0,1984.0,0
3440,95003,0,138,36.95375,-121.87998999999999,929500.0,2.0,2.5,2589.0,463.0,1984.0,0
3441,95003,0,84,36.94662,-121.87103,1384256.0,3.0,2.5,3001.0,198.0,1986.0,1
3446,95003,0,171,36.94697,-121.87052,1476840.0,4.0,3.0,2635.0,569.0,2007.0,1
3451,95003,0,1119,36.98709,-121.91246000000001,978385.0,3.0,2.5,2162.0,178.0,1972.0,0
3452,95003,0,594,36.979009999999995,-121.90345,783087.0,2.0,2.5,1606.0,134.0,1990.0,3
3453,95003,0,668,36.9797,-121.90346000000001,743336.0,2.0,2.5,1606.0,146.0,1990.0,3
3454,95003,0,742,36.98087,-121.90346000000001,746031.0,2.0,2.5,1785.0,339.0,1986.0,3
3455,95003,0,753,36.98018,-121.90293,665756.0,2.0,2.5,1442.0,132.0,1990.0,3
3457,95003,0,961,36.96829,-121.88082,1273267.0,2.0,2.0,2508.0,199.0,1979.0,5
3458,95003,0,1192,36.967040000000004,-121.87118000000001,765423.0,3.0,2.0,1428.0,182.0,1977.0,3
3460,95003,0,644,36.983129999999996,-121.91009,1010197.0,3.0,3.0,2215.0,192.0,1987.0,0
3461,95003,0,691,36.98385,-121.90961000000001,868476.0,3.0,2.0,1655.0,356.0,1975.0,0
3465,95003,0,468,36.97919,-121.87378000000001,907531.0,4.0,3.0,1947.0,135.0,1964.0,0
3467,95003,0,535,36.9847045,-121.9340382,561352.0,2.0,2.0,1210.0,277.0,1989.0,3
3469,95003,0,537,36.9854615,-121.93385959999999,564520.0,2.0,2.0,1210.0,141.0,1989.0,3
3471,95003,0,561,36.98538,-121.93343999999999,579714.0,2.0,2.0,1016.0,206.0,1982.0,3
3476,95003,0,436,36.97272,-121.90168,1126075.0,3.0,2.5,1854.0,312.0,2007.0,5
3479,95003,0,454,36.972640000000006,-121.90085,1094592.0,3.0,2.0,2016.0,131.0,1976.0,5
3482,95003,0,479,36.97217,-121.9012,1058252.0,3.0,2.0,1692.0,254.0,1976.0,0
3484,95003,0,881,36.96555,-121.87926999999999,1235871.0,3.0,2.5,2594.0,153.0,1981.0,5
3485,95003,0,888,36.96564,-121.87966999999999,1400349.0,3.0,3.0,3190.0,298.0,1979.0,1
3486,95003,0,898,36.96594,-121.87964,1082841.0,3.0,2.5,1908.0,252.0,1982.0,5
3488,95003,0,914,36.98061,-121.8998,1159268.0,4.0,3.0,2060.0,166.0,1995.0,5
3490,95003,0,920,36.98042,-121.90001000000001,928769.0,3.0,3.0,2032.0,160.0,1994.0,0
3491,95003,0,934,36.98028,-121.89991,1109183.0,3.0,2.5,2474.0,131.0,1992.0,5
3495,95003,0,43,36.96399,-121.87038999999999,1815716.0,4.0,3.5,3133.0,361.0,2004.0,2
3497,95003,0,68,36.96505,-121.87048999999999,1735264.0,5.0,3.5,3382.0,464.0,2004.0,2
3502,95003,0,107,36.963809999999995,-121.87173,1837008.0,4.0,3.5,3347.0,525.0,2005.0,2
3503,95003,0,113,36.963640000000005,-121.87123999999999,1663690.0,3.0,3.0,3028.0,106.0,2002.0,1
3507,95003,0,145,36.96322,-121.87133999999999,1653475.0,4.0,3.0,3381.0,341.0,2002.0,1
3508,95003,0,154,36.96317,-121.87199,1766462.0,4.0,3.5,3023.0,132.0,2005.0,2
3516,95003,0,270,36.96143,-121.87213,2407679.0,4.0,4.5,4258.0,393.0,2003.0,2
3517,95003,0,292,36.96111,-121.87239,4220421.0,6.0,6.5,8439.0,154.0,2012.0,4
3519,95003,0,310,36.961,-121.87178999999999,1880601.0,3.0,3.5,3113.0,257.0,2005.0,2
